crop,issue_id,issue_name,category,causal_agent,temp_min_c,temp_opt_c,temp_max_c,rh_min_pct,rh_opt_pct,leaf_wetness_hrs,rain_trigger,soil_ph_min,soil_ph_max,soil_drainage,soil_texture,ndvi_signal,ndmi_signal,ndre_signal,growth_stage,consecutive_dry_days_trigger,consecutive_wet_days_trigger,temp_stress_threshold_c,soil_ec_threshold_ds_m,perfect_temp_min_c,perfect_temp_max_c,perfect_rh_min_pct,perfect_rh_max_pct,perfect_soil_ph_min,perfect_soil_ph_max,perfect_soil_drainage,perfect_rainfall_mm_week,severity,ndvi_threshold,ndmi_threshold,ndre_threshold,rule_logic,notes,recommendation,urgency
Generic,GEN_DROUGHT_MILD,Mild Drought Stress,Drought,Water deficit,,,,,,,<5mm/week,,,Any,Any,NDVI_declining,NDMI_low,NDRE_moderate,Any,7.0,,,,,,40.0,70.0,,,Well,15-25,Medium,-0.05,-0.1,0.2,"{""logic"": ""AND"", ""conditions"": [{""field"": ""consecutive_dry_days"", ""op"": "">="", ""value"": 7}, {""field"": ""ndmi"", ""op"": ""<"", ""value"": -0.1}]}",7+ dry days + NDMI<-0.1. Sandy soils worsen. ET0>precip confirms.,Irrigate within the next 3 days — check soil moisture at 10cm depth,Within 3 days
Generic,GEN_DROUGHT_SEVERE,Severe Drought Stress,Drought,Water deficit,,,,,,,<2mm/14d,,,Any,Sandy,NDVI_severe_decline,NDMI_very_low,NDRE_low,Any,14.0,,,,,,40.0,70.0,,,Well,15-25,High,-0.15,-0.25,0.15,"{""logic"": ""AND"", ""conditions"": [{""field"": ""consecutive_dry_days"", ""op"": "">="", ""value"": 14}, {""field"": ""ndmi"", ""op"": ""<"", ""value"": -0.25}]}",14+ dry days. Wilting and stomatal closure. Yield loss begins.,Irrigate immediately — crop is at yield-loss threshold,Today
Generic,GEN_WATERLOGGING,Waterlogging / Root Anoxia,Waterlogging,Excess soil water,,,,,,,>20mm/day,,,Poor,Clay,NDVI_decline,NDWI_high,NDRE_low,Any,,5.0,,,,,40.0,80.0,,,Well,15-25,High,-0.1,0.05,0.2,"{""logic"": ""AND"", ""conditions"": [{""field"": ""consecutive_wet_days"", ""op"": "">="", ""value"": 5}, {""field"": ""ndwi"", ""op"": "">"", ""value"": 0.05}, {""field"": ""soil_drainage"", ""op"": ""in"", ""value"": [""Poor""]}]}",Root anoxia in 24-48hrs. Clay + poor drainage worst.,Inspect and clear drainage channels; avoid any irrigation until soil drains,Within 24 hours
Generic,GEN_OVER_IRRIGATION,Over-Irrigation,Physiological,Excessive irrigation,,,,,,,Excess irrigation,,,Poor,Clay,NDVI_marginal,NDWI_elevated,NDRE_low,Any,,3.0,,,,,40.0,80.0,,,Well,15-25,Medium,-0.05,0.0,0.2,"{""logic"": ""AND"", ""conditions"": [{""field"": ""ndwi"", ""op"": "">"", ""value"": 0.0}, {""field"": ""soil_drainage"", ""op"": ""=="", ""value"": ""Poor""}, {""field"": ""clay_pct"", ""op"": "">"", ""value"": 35}]}",Clay soil + elevated NDWI with no rain = over-irrigation.,Pause all irrigation immediately; allow soil to dry before next application,Today
Generic,GEN_UNDER_IRRIGATION,Under-Irrigation,Physiological,Insufficient irrigation,,,,,,,Insufficient water,,,Any,Sandy,NDVI_declining,NDMI_low,NDRE_declining,Any,5.0,,,,,,40.0,70.0,,,Well,15-25,Medium,-0.1,-0.15,0.2,"{""logic"": ""AND"", ""conditions"": [{""field"": ""consecutive_dry_days"", ""op"": "">="", ""value"": 5}, {""field"": ""ndmi"", ""op"": ""<"", ""value"": -0.15}, {""field"": ""sand_pct"", ""op"": "">"", ""value"": 60}]}",Sandy soil + dry days = rapid moisture loss.,Increase irrigation frequency — apply small doses every 2-3 days on sandy soil,Within 2 days
Generic,GEN_IRREGULAR_IRRIG,Irregular Irrigation,Physiological,Irregular water supply,,,,,,,Variable,,,Any,Any,NDVI_variable,NDMI_variable,NDRE_variable,Fruiting,,,,,,,40.0,70.0,,,Well,15-25,Medium,,,,"{""logic"": ""CROP_SPECIFIC"", ""note"": ""BER in tomato/pepper at fruiting""}",Irregular watering causes blossom end rot and fruit cracking.,Switch to consistent scheduled irrigation — boom-bust watering causes BER and fruit cracking,This week
Generic,GEN_N_DEF,Nitrogen Deficiency,Deficiency,Low soil N,,,,,,,,5.5,7.5,Any,Sandy,NDVI_pale_yellow,NDMI_normal,NDRE_very_low,Any,,,,,,,40.0,70.0,6.0,7.0,Well,15-25,High,0.35,,0.18,"{""logic"": ""AND"", ""conditions"": [{""field"": ""ndre"", ""op"": ""<"", ""value"": 0.2}, {""field"": ""reci"", ""op"": ""<"", ""value"": 1.5}, {""field"": ""ndvi"", ""op"": ""<"", ""value"": 0.4}]}",Yellowing from oldest leaves. NDRE<0.2 + ReCI<1.5 = confirmed N deficiency.,Apply split nitrogen fertiliser — topdress with urea or CAN at 50 kg N/ha; repeat in 3 weeks,Within 1 week
Generic,GEN_P_DEF,Phosphorus Deficiency,Deficiency,Low soil P / acid lockout,,,,,,,,,,Any,Any,NDVI_purple_tinged,NDMI_normal,NDRE_low,Seedling-Vegetative,,,,,,,40.0,70.0,6.0,7.0,Well,15-25,Medium,,,,"{""logic"": ""OR"", ""conditions"": [{""field"": ""ph"", ""op"": ""<="", ""value"": 5.5}, {""field"": ""ph"", ""op"": "">="", ""value"": 7.5}]}",Purple/red leaf margins. Locked below pH5.5 and above pH7.5.,Apply phosphate fertiliser (TSP or DAP) and adjust soil pH to 6.0-7.0 to unlock P availability,This season
Generic,GEN_K_DEF,Potassium Deficiency,Deficiency,Low soil K,,,,,,,,5.5,7.5,Any,Sandy,NDVI_marginal_scorch,NDMI_low,NDRE_moderate,Fruiting,,,,,,,40.0,70.0,6.0,7.0,Well,15-25,Medium,,,,"{""logic"": ""AND"", ""conditions"": [{""field"": ""sand_pct"", ""op"": "">"", ""value"": 65}, {""field"": ""cec_mmol_kg"", ""op"": ""<"", ""value"": 10}]}",Marginal leaf scorch. Sandy soils low CEC. Fruiting demand peaks K need.,Apply potassium fertiliser (MOP or SOP) at 50-80 kg K2O/ha; split on sandy soils,Within 1 week
Generic,GEN_CA_DEF,Calcium Deficiency,Deficiency,Ca unavailability / drought,,,,,,,Irregular water,,,Any,Sandy,NDVI_tip_burn,NDMI_low,NDRE_normal,Fruiting,5.0,,,,,,40.0,70.0,6.0,7.0,Well,15-25,High,,-0.1,,"{""logic"": ""AND"", ""conditions"": [{""field"": ""consecutive_dry_days"", ""op"": "">="", ""value"": 5}]}",Blossom end rot in tomato/pepper. Tip burn in lettuce. Ca needs consistent water.,Apply calcium nitrate foliar spray; ensure consistent irrigation to allow Ca movement in plant,Within 3 days
Generic,GEN_MG_DEF,Magnesium Deficiency,Deficiency,Low Mg / leaching,,,,,,,,,,Any,Sandy,NDVI_interveinal_chlorosis,NDMI_normal,NDRE_low,Mid-season,,,,,,,40.0,70.0,6.0,7.0,Well,15-25,Medium,,,0.2,"{""logic"": ""OR"", ""conditions"": [{""field"": ""ph"", ""op"": ""<="", ""value"": 5.5}, {""field"": ""sand_pct"", ""op"": "">"", ""value"": 65}]}",Interveinal chlorosis from older leaves. Sandy acid soils worst.,"Apply magnesium sulphate (Epsom salt) foliar at 2% solution, or kieserite soil application",Within 1 week
Generic,GEN_S_DEF,Sulfur Deficiency,Deficiency,Low soil S / high pH,,,,,,,,7.0,8.5,Any,Any,NDVI_uniform_yellow_young,NDMI_normal,NDRE_low,Vegetative,,,,,,,40.0,70.0,6.0,7.0,Well,15-25,Low,,,0.2,"{""logic"": ""OR"", ""conditions"": [{""field"": ""ph"", ""op"": "">="", ""value"": 7.5}]}",Uniform yellowing of young leaves. Common in high-pH soils.,Apply ammonium sulphate or elemental sulphur at 20-40 kg S/ha,This season
Generic,GEN_FE_DEF,Iron Deficiency / Chlorosis,Deficiency,High pH Fe lockout,,,,,,,,7.5,9.0,Poor,Clay,NDVI_interveinal_chlorosis_young,NDMI_high,NDRE_very_low,Vegetative,,,,,,,40.0,70.0,6.0,7.0,Well,15-25,Medium,,,0.15,"{""logic"": ""AND"", ""conditions"": [{""field"": ""ph"", ""op"": "">="", ""value"": 7.5}, {""field"": ""ndre"", ""op"": ""<"", ""value"": 0.2}]}",Alkaline soils lock out Fe. Young leaves yellow between green veins.,Apply chelated iron (EDTA-Fe) foliar spray; check and lower soil pH if above 7.5,Within 1 week
Generic,GEN_ZN_DEF,Zinc Deficiency,Deficiency,Low Zn / high pH / flooded,,,,,,,Flooded,7.0,8.5,Poor,Any,NDVI_small_leaves,NDMI_normal,NDRE_low,Vegetative,,,,,,,40.0,70.0,6.0,7.0,Well,15-25,Medium,,,0.2,"{""logic"": ""OR"", ""conditions"": [{""field"": ""ph"", ""op"": "">"", ""value"": 7.0}, {""field"": ""soil_drainage"", ""op"": ""=="", ""value"": ""Poor""}]}",Little leaf and rosetting. High pH and flooded soils primary triggers.,Apply zinc sulphate foliar at 0.5% solution or 10-20 kg/ha soil application,Within 1 week
Generic,GEN_B_DEF,Boron Deficiency,Deficiency,Low B / high pH / dry,,,,,,,Dry conditions,7.5,9.0,Any,Sandy,NDVI_growing_point_death,NDMI_low,NDRE_low,Reproductive,7.0,,,,,,40.0,70.0,6.0,7.0,Well,15-25,High,,-0.1,,"{""logic"": ""AND"", ""conditions"": [{""field"": ""ph"", ""op"": "">="", ""value"": 7.5}, {""field"": ""consecutive_dry_days"", ""op"": "">="", ""value"": 7}]}",Hollow heart in brassicas. B moves with water; drought blocks uptake.,Apply solubor or borax foliar at 0.1-0.2% solution — critical before flowering,Within 3 days
Generic,GEN_MN_DEF,Manganese Deficiency,Deficiency,High pH Mn lockout,,,,,,,,7.0,8.5,Any,Any,NDVI_interveinal_pale,NDMI_normal,NDRE_low,Vegetative,,,,,,,40.0,70.0,6.0,7.0,Well,15-25,Low,,,0.2,"{""logic"": ""AND"", ""conditions"": [{""field"": ""ph"", ""op"": "">"", ""value"": 7.0}]}",Pale interveinal areas on young leaves. Over-liming frequently causes.,Apply manganese sulphate foliar at 0.5% — check pH; manganese locks out above pH 7.0,Within 1 week
Generic,GEN_CU_DEF,Copper Deficiency,Deficiency,Low Cu / high pH,,,,,,,,7.0,8.5,Any,Any,NDVI_bluish_young_leaves,NDMI_normal,NDRE_low,Vegetative,,,,,,,40.0,70.0,6.0,7.0,Well,15-25,Low,,,0.2,"{""logic"": ""OR"", ""conditions"": [{""field"": ""ph"", ""op"": "">="", ""value"": 7.5}]}",Bluish-green young leaves. Alkaline and peat soils.,Apply copper sulphate foliar at 0.2%; liming may be needed if soil is very alkaline,Within 1 week
Generic,GEN_MO_DEF,Molybdenum Deficiency,Deficiency,Acid soil Mo lockout,,,,,,,,4.5,6.0,Any,Any,NDVI_cupped_yellow,NDMI_normal,NDRE_low,Vegetative,,,,,,,40.0,70.0,6.0,7.0,Well,15-25,Low,,,0.2,"{""logic"": ""AND"", ""conditions"": [{""field"": ""ph"", ""op"": ""<="", ""value"": 5.5}]}",Cupped leaf margins. Acid soils. Critical for N fixation in legumes.,Apply sodium molybdate foliar at 0.02%; or lime soil to raise pH above 5.5,This season
Generic,GEN_N_TOX,Nitrogen Toxicity,Toxicity,N over-application,,,,,,,,,,Any,Any,NDVI_dark_lush,NDMI_high,NDRE_very_high,Any,,,,,,,40.0,70.0,6.0,7.0,Well,15-25,Medium,,,,"{""logic"": ""AND"", ""conditions"": [{""field"": ""ndre"", ""op"": "">"", ""value"": 0.55}, {""field"": ""ndvi"", ""op"": "">"", ""value"": 0.75}]}",Dark lush growth. Lodging risk. Fungal disease susceptibility.,Withhold nitrogen fertiliser; increase irrigation to leach excess N; avoid lodging by reducing canopy density,Immediately
Generic,GEN_SALINITY,Salinity Stress,Salinity,Excess soil salts,,,,,,,Saline irrigation,,,Any,Any,NDVI_marginal_scorch,NDMI_low,NDRE_low,Any,,,,4.0,,,40.0,70.0,6.0,7.0,Well,15-25,High,-0.1,-0.15,0.2,"{""logic"": ""AND"", ""conditions"": [{""field"": ""soil_ec_ds_m"", ""op"": "">"", ""value"": 4.0}, {""field"": ""ndmi"", ""op"": ""<"", ""value"": -0.1}]}",EC>4 dS/m causes osmotic stress. Leaf tip burn and marginal scorch.,Flush salts with a deep leaching irrigation; test EC; switch to low-salinity water if possible,Within 1 week
Generic,GEN_AL_TOX,Aluminium Toxicity,Toxicity,Acid soil Al mobilization,,,,,,,,4.0,5.5,Any,Any,NDVI_stunted,NDMI_low,NDRE_low,Any,,,,,,,40.0,70.0,6.0,7.0,Well,15-25,High,,-0.1,0.2,"{""logic"": ""AND"", ""conditions"": [{""field"": ""ph"", ""op"": ""<"", ""value"": 5.0}]}",pH<5.0 mobilizes toxic Al3+. Root stunting. Lime to correct.,Apply agricultural lime at 2-4 t/ha to raise pH above 5.5 and immobilise aluminium,This season
Generic,GEN_MN_TOX,Manganese Toxicity,Toxicity,Acid/waterlogged Mn,,,,,,,Waterlogging,4.0,5.5,Poor,Any,NDVI_brown_spots,NDMI_high,NDRE_low,Any,,3.0,,,,,40.0,70.0,6.0,7.0,Well,15-25,Medium,,0.0,0.2,"{""logic"": ""AND"", ""conditions"": [{""field"": ""ph"", ""op"": ""<="", ""value"": 5.5}, {""field"": ""soil_drainage"", ""op"": ""=="", ""value"": ""Poor""}]}",Flooded acid soils reduce Mn to toxic forms.,Improve drainage; apply lime to raise pH above 5.5; manganese toxicity disappears when pH is corrected,This season
Generic,GEN_NA_TOX,Sodium Toxicity / Sodicity,Toxicity,High exchangeable Na,,,,,,,Saline irrigation,,,Poor,Clay,NDVI_leaf_scorch,NDMI_variable,NDRE_low,Any,,,,8.5,,,40.0,70.0,6.0,7.0,Well,15-25,High,,,0.2,"{""logic"": ""AND"", ""conditions"": [{""field"": ""ph"", ""op"": "">"", ""value"": 8.5}, {""field"": ""soil_drainage"", ""op"": ""=="", ""value"": ""Poor""}]}",Sodic soils destroy structure. Gypsum to displace Na.,Apply gypsum at 2-5 t/ha to displace sodium; deep plough and leach; improve drainage structure,This season
Generic,GEN_HEAT_SEVERE,Severe Heat Stress >35C,Heat,High temperature,35.0,40.0,,,,,,,,Any,Any,NDVI_declining,NDMI_low,NDRE_declining,Flowering,,,35.0,,,,40.0,70.0,,,Any,15-25,High,-0.1,-0.15,0.2,"{""logic"": ""AND"", ""conditions"": [{""field"": ""max_temp_7d"", ""op"": "">"", ""value"": 35}]}",T>35C at flowering causes pollen sterility in most crops.,Irrigate early morning to cool canopy; apply kaolin clay foliar as reflectant if available,Today
Generic,GEN_HEAT_MILD,Mild Heat Stress 30-35C,Heat,Elevated temperature,30.0,35.0,,,,,,,,Any,Any,NDVI_slight_decline,NDMI_moderate_low,NDRE_moderate,Any,,,30.0,,,,40.0,70.0,,,Any,15-25,Medium,,-0.05,0.25,"{""logic"": ""AND"", ""conditions"": [{""field"": ""max_temp_7d"", ""op"": "">"", ""value"": 30}, {""field"": ""max_temp_7d"", ""op"": ""<"", ""value"": 35}]}",30-35C increases respiration. Combined drought = severe compound stress.,Monitor closely; irrigate early morning to buffer heat; avoid nitrogen application during heat event,Within 3 days
Generic,GEN_CHILLING,Chilling Injury,Cold,Sub-optimal low temperature,0.0,,10.0,,,,,,,Any,Any,NDVI_pale_slow,NDMI_normal,NDRE_low,Seedling-Vegetative,,,5.0,,,,40.0,70.0,,,Any,15-25,Medium,,,0.2,"{""logic"": ""AND"", ""conditions"": [{""field"": ""avg_temp_7d"", ""op"": ""<"", ""value"": 10}]}",Tropical crops damaged 0-10C. Slows growth. Purpling of leaves.,Cover young plants if possible; avoid irrigation during cold period; delay planting until soil warms,Immediately
Generic,GEN_FROST,Frost Damage,Cold,Sub-zero temperature,,,0.0,,,,,,,Any,Any,NDVI_sudden_brown,NDMI_very_low,NDRE_very_low,Any,,,0.0,,,,40.0,70.0,,,Any,15-25,Severe,-0.2,-0.3,0.1,"{""logic"": ""AND"", ""conditions"": [{""field"": ""min_temp_7d"", ""op"": ""<"", ""value"": 0}]}",Ice crystal formation ruptures cells. Young growth most vulnerable.,Assess damage at dawn; remove damaged tissue to prevent disease; delay harvest if fruit affected,Today
Generic,GEN_COMPACTION,Soil Compaction,Physiological,Heavy machinery / tillage,,,,,,,,,,Any,Clay,NDVI_patchy_stunting,NDMI_variable,NDRE_low,Any,,,,,,,40.0,70.0,6.0,7.0,Well,15-25,Medium,-0.1,,0.2,"{""logic"": ""AND"", ""conditions"": [{""field"": ""bulk_density"", ""op"": "">"", ""value"": 1.5}]}",BD>1.5 g/cm3 restricts root growth. Patchy stunting in tramlines.,Subsoil till or rip compacted zone; avoid machinery on wet soil; plant deep-rooted cover crop,This season
Generic,GEN_HARDPAN,Hardpan / Plough Pan,Physiological,Repeated shallow tillage,,,,,,,,,,Any,Clay,NDVI_uniform_poor,NDMI_variable,NDRE_low,Any,,,,,,,40.0,70.0,6.0,7.0,Well,15-25,High,-0.15,,0.2,"{""logic"": ""AND"", ""conditions"": [{""field"": ""bulk_density"", ""op"": "">"", ""value"": 1.6}]}",Impervious layer at tillage depth. Roots deflect; waterlogging above pan.,Deep rip at 40-50cm depth; plant radish or sunflower cover crop to biologically break pan,This season
Generic,GEN_CRUSTING,Soil Surface Crusting,Physiological,High clay/silt + rain impact,,,,,,,Heavy rain on bare soil,,,Any,Clay,NDVI_poor_emergence,NDMI_surface_high,NDRE_low,Seedling,,,,,,,40.0,70.0,6.0,7.0,Well,15-25,Medium,,,,"{""logic"": ""AND"", ""conditions"": [{""field"": ""clay_pct"", ""op"": "">"", ""value"": 25}, {""field"": ""growth_stage"", ""op"": ""contains"", ""value"": ""seedling""}]}",Rain on bare soil forms physical crust. Impedes emergence.,Row-harrow or rotary hoe to break surface crust; mulch inter-rows to prevent crust re-formation,Within 3 days
Generic,GEN_ACID_SOIL,Acid Soil Stress,Abiotic,Low soil pH,,,,,,,,4.0,5.5,Any,Any,NDVI_stunted,NDMI_normal,NDRE_low,Any,,,,,,,40.0,70.0,6.0,7.0,Well,15-25,High,-0.1,,0.18,"{""logic"": ""AND"", ""conditions"": [{""field"": ""ph"", ""op"": ""<="", ""value"": 5.5}]}",pH<5.5 causes Al+Mn toxicity. P+Ca+Mg deficiency. Lime to correct.,Apply agricultural lime at 1-3 t/ha; re-test pH in 6 months; target pH 6.0-6.5,This season
Generic,GEN_ALKALINE_SOIL,Alkaline Soil Stress,Abiotic,High soil pH,,,,,,,,7.5,9.5,Any,Any,NDVI_chlorotic,NDMI_normal,NDRE_low,Any,,,,,,,40.0,70.0,6.0,7.0,Well,15-25,Medium,,,0.2,"{""logic"": ""AND"", ""conditions"": [{""field"": ""ph"", ""op"": "">"", ""value"": 7.8}]}","pH>7.8 locks out Fe, Mn, Zn, Cu, B. Interveinal chlorosis.",Apply elemental sulphur at 200-500 kg/ha; use ammonium-based fertilisers; apply chelated micronutrients,This season
Generic,GEN_LOW_OM,Low Organic Matter,Abiotic,Depleted soil organic carbon,,,,,,,,,,Any,Sandy,NDVI_low_poor_response,NDMI_very_low,NDRE_low,Any,,,,,,,40.0,70.0,6.0,7.0,Well,15-25,Medium,-0.05,-0.1,0.2,"{""logic"": ""AND"", ""conditions"": [{""field"": ""soc_g_kg"", ""op"": ""<"", ""value"": 8}]}","SOC<8 g/kg = poor structure, low CEC, low water retention.",Apply compost at 3-5 t/ha; retain crop residues; plant legume cover crop in off-season,This season
Generic,GEN_SHADE,Shade Stress,Abiotic,Insufficient solar radiation,,,,,,,,,,Any,Any,NDVI_low_uniform,NDMI_high,NDRE_low,Any,,,,,,,40.0,70.0,,,Any,15-25,Low,0.3,,0.2,"{""logic"": ""AND"", ""conditions"": [{""field"": ""ndvi"", ""op"": ""<"", ""value"": 0.3}, {""field"": ""ndmi"", ""op"": "">"", ""value"": 0.0}]}",NDVI low but NDMI adequate = light limitation not water stress.,Assess canopy competition; thin or prune competing vegetation; consider variety change if shade is permanent,This season
Generic,GEN_LODGING,Lodging Risk,Physiological,N excess + wind + rain,,,,,,,Heavy rain + wind,,,Any,Any,NDVI_sudden_decline,NDMI_high,NDRE_high,Grain fill,,3.0,,,,,40.0,70.0,,,Any,15-25,High,-0.15,0.1,,"{""logic"": ""AND"", ""conditions"": [{""field"": ""ndre"", ""op"": "">"", ""value"": 0.5}, {""field"": ""consecutive_wet_days"", ""op"": "">="", ""value"": 3}]}",NDRE very high (excess N) + wet = lodging risk.,Apply growth regulator if still vegetative; stake high-value crops; avoid further N application,Within 3 days
Generic,GEN_SUNSCALD,Leaf Sunscald,Abiotic,Excessive direct radiation,35.0,40.0,,,,,,,,Any,Any,NDVI_bleached_patches,NDMI_very_low,NDRE_low,Any,7.0,,35.0,,,,30.0,60.0,,,Any,15-25,Low,,-0.2,,"{""logic"": ""AND"", ""conditions"": [{""field"": ""max_temp_7d"", ""op"": "">"", ""value"": 38}, {""field"": ""ndmi"", ""op"": ""<"", ""value"": -0.2}]}",Bleached patches on sun-facing leaves. Heat+drought+radiation combined.,Apply kaolin clay foliar as sun reflectant; increase irrigation frequency; shade young fruits if feasible,Within 3 days
Generic,GEN_WIND_DAMAGE,Wind Damage / Abrasion,Abiotic,High wind speed,,,,,,,,,,Any,Any,NDVI_shredded_canopy,NDMI_low,NDRE_moderate,Any,,,,,,,40.0,70.0,,,Any,15-25,Medium,,-0.1,,"{""logic"": ""EXTERNAL"", ""note"": ""wind speed data needed""}","Physical leaf tearing, stem breakage. Exposes wounds for pathogen entry.",Install windbreaks; stake affected plants; remove shredded tissue to prevent disease entry,Within 3 days
Generic,GEN_HERBICIDE_DRIFT,Herbicide Drift Damage,Abiotic,Off-target herbicide,,,,,,,Wind during application,,,Any,Any,NDVI_distorted_bleached,NDMI_normal,NDRE_variable,Any,,,,,,,40.0,70.0,,,Any,15-25,Medium,,,,"{""logic"": ""EXTERNAL"", ""note"": ""no satellite trigger; scouting required""}",Cupped or bleached leaves. Pattern follows wind direction.,Document drift direction and source; do not apply more herbicide; allow crop to recover 2-3 weeks before reassessing,Immediately
Generic,GEN_ROOTKNOT,Root Knot Nematode,Nematode,Meloidogyne spp.,10.0,27.0,35.0,,,,Soil moisture,5.5,7.5,Any,Sandy,NDVI_patchy_stunting,NDMI_low,NDRE_low,Any,,,,,,,40.0,70.0,6.0,7.0,Well,15-25,High,-0.1,-0.1,0.2,"{""logic"": ""AND"", ""conditions"": [{""field"": ""ndvi"", ""op"": ""<"", ""value"": 0.4}, {""field"": ""ndmi"", ""op"": ""<"", ""value"": -0.1}, {""field"": ""soil_texture"", ""op"": ""in"", ""value"": [""Sandy"", ""Sandy loam""]}]}",Root galls restrict water+nutrient uptake. Sandy soils favor.,Rotate to non-host crop next season; apply nematicide if infestation is confirmed by sampling,This season
Generic,GEN_LESION_NEMA,Lesion Nematode,Nematode,Pratylenchus spp.,10.0,25.0,32.0,,,,Soil moisture,5.5,7.5,Any,Any,NDVI_stunting,NDMI_low,NDRE_low,Any,,,,,,,40.0,70.0,6.0,7.0,Well,15-25,Medium,-0.1,-0.1,0.2,"{""logic"": ""AND"", ""conditions"": [{""field"": ""ndvi"", ""op"": ""<"", ""value"": 0.4}, {""field"": ""ndmi"", ""op"": ""<"", ""value"": -0.1}]}",Migratory; browning root lesions. Enters/exits roots repeatedly.,Rotate to non-host crop; apply Paecilomyces or neem-based biocontrol; sample soil to confirm,This season
Generic,GEN_CYST_NEMA,Cyst Nematode,Nematode,Heterodera/Globodera spp.,5.0,20.0,28.0,,,,Soil moisture,5.5,7.5,Any,Any,NDVI_patchy_yellowing,NDMI_low,NDRE_very_low,Any,,,,,,,40.0,70.0,6.0,7.0,Well,15-25,High,-0.15,-0.1,0.15,"{""logic"": ""AND"", ""conditions"": [{""field"": ""ndvi"", ""op"": ""<"", ""value"": 0.35}, {""field"": ""ndre"", ""op"": ""<"", ""value"": 0.2}]}",Sedentary endoparasite. Cysts persist decades. Patchy fairy-ring patterns.,Implement 3-4 year rotation away from host crops; resistant varieties are the most effective control,This season
Generic,GEN_POOR_GERM,Poor Seed Germination,Abiotic,Extreme soil conditions,,,,,,,Extreme conditions,,,Any,Any,NDVI_patchy_very_low,NDMI_variable,NDRE_very_low,Seedling,,,,,,,40.0,70.0,6.0,7.0,Well,15-25,High,0.15,,0.1,"{""logic"": ""OR"", ""conditions"": [{""field"": ""avg_temp_7d"", ""op"": ""<"", ""value"": 10}, {""field"": ""avg_temp_7d"", ""op"": "">"", ""value"": 35}, {""field"": ""consecutive_dry_days"", ""op"": "">="", ""value"": 10}]}",NDVI very low at seedling stage. MSAVI useful. Patchy stand.,Resow bare patches with fresh certified seed; check soil temperature and moisture before resowing,Within 3 days
Generic,GEN_DAMPING_OFF,Damping Off,Fungal/Oomycete,Pythium/Rhizoctonia/Fusarium,10.0,25.0,35.0,90,99,,Wet cool or warm,,,Poor,Any,NDVI_seedling_collapse,NDMI_high,NDRE_very_low,Seedling,,3.0,,,,,40.0,70.0,6.0,7.0,Well,15-25,High,0.15,0.0,0.1,"{""logic"": ""AND"", ""conditions"": [{""field"": ""consecutive_wet_days"", ""op"": "">="", ""value"": 3}, {""field"": ""ndvi"", ""op"": ""<"", ""value"": 0.2}]}",Pre/post-emergence seedling death. Poor drainage + wet soils.,Improve drainage; reduce irrigation; apply Trichoderma or mancozeb drench to affected seedlings,Within 2 days
Generic,GEN_PREMATURE_SEN,Premature Senescence,Physiological,Heat + Drought at grain fill,35.0,,,,,,Heat+Drought,,,Any,Any,NDVI_rapid_decline,NDMI_very_low,NDRE_declining,Grain fill-Maturation,7.0,,35.0,,,,40.0,70.0,,,Any,15-25,High,-0.15,-0.2,0.15,"{""logic"": ""AND"", ""conditions"": [{""field"": ""psri"", ""op"": "">"", ""value"": 0.1}, {""field"": ""max_temp_7d"", ""op"": "">"", ""value"": 32}, {""field"": ""consecutive_dry_days"", ""op"": "">="", ""value"": 7}]}",PSRI rising + heat + drought = premature ripening. Grain fill incomplete.,"Irrigate to reduce heat load; assess grain fill — if <50% complete, early harvest may minimise further loss",Today
Generic,GEN_HEAVY_METAL,Heavy Metal Contamination,Toxicity,Cd/Pb/As/Hg in soil,,,,,,,,,,Any,Any,NDVI_general_stress,NDMI_normal,NDRE_low,Any,,,,,,,40.0,70.0,6.0,7.0,Well,15-25,High,,,0.2,"{""logic"": ""AND"", ""conditions"": [{""field"": ""ndre"", ""op"": ""<"", ""value"": 0.2}, {""field"": ""ndvi"", ""op"": ""<"", ""value"": 0.4}]}",Industrial/smelter sites. Root damage and chlorosis. Lab analysis required.,Stop cultivation on this plot; commission full soil metals analysis; do not harvest for food until tested,Immediately
Maize,MAIZE_NORTHERN_CORN_LEAF_B,Northern Corn Leaf Blight,Fungal,Exserohilum turcicum,18.0,22.0,30.0,80,95,6–18 hrs,Moderate–heavy,5.8,7.0,Well drained,Any,NDVI decline,NDMI moderate,NDRE low,V6–VT,,,,,,,,,5.8,7.0,Well drained,,High,,,,"{""logic"": ""AND"", ""conditions"": [{""field"": ""ndvi"", ""op"": ""<"", ""value"": 0.45}]}",Gray-green oval lesions; worse in cool humid weather,Apply foliar fungicide (propiconazole or pyraclostrobin) at first lesion appearance; ensure good canopy airflow,Within 3 days
Maize,MAIZE_GRAY_LEAF_SPOT,Gray Leaf Spot,Fungal,Cercospora zeae-maydis,22.0,25.0,30.0,90,99,12+ hrs,High humidity,5.8,7.0,Any,Any,NDVI decline,NDMI high,NDRE low,V8–R2,,,,,,,,,5.8,7.0,Any,,High,,,,"{""logic"": ""AND"", ""conditions"": [{""field"": ""ndvi"", ""op"": ""<"", ""value"": 0.45}]}",Rectangular tan lesions; favored by conservation tillage,Apply strobilurin or triazole fungicide; rotate to non-host; reduce conservation tillage inoculum,Within 3 days
Maize,MAIZE_COMMON_RUST,Common Rust,Fungal,Puccinia sorghi,15.0,20.0,25.0,95,99,6–8 hrs,Dew/drizzle,5.8,7.0,Any,Any,NDVI decline,NDMI high,NDRE moderate,VT–R3,,,,,,,,,5.8,7.0,Any,,Medium,,,,"{""logic"": ""AND"", ""conditions"": [{""field"": ""ndvi"", ""op"": ""<"", ""value"": 0.45}]}",Brick-red pustules; cool humid highlands,Apply fungicide at early pustule stage; plant resistant hybrid for next season,Within 3 days
Maize,MAIZE_SOUTHERN_CORN_LEAF_B,Southern Corn Leaf Blight,Fungal,Bipolaris maydis,20.0,26.0,35.0,90,99,10+ hrs,Warm humid,5.8,7.0,Poor,Any,NDVI decline,NDMI high,NDRE low,V6–R4,,,,,,,,,5.8,7.0,Poor,,High,,,,"{""logic"": ""AND"", ""conditions"": [{""field"": ""ndvi"", ""op"": ""<"", ""value"": 0.45}]}",Tan lesions with brown margins,Apply fungicide; improve drainage; plant resistant variety next season,Within 3 days
Maize,MAIZE_MAIZE_STREAK_VIRUS,Maize Streak Virus,Viral,Maize streak mastrevirus (MSV),20.0,28.0,35.0,Any,Any,,,,,Any,Any,NDVI severe decline,NDMI normal,NDRE very low,V1–V6,,,,,,,,,,,Any,,High,,,,"{""logic"": ""AND"", ""conditions"": [{""field"": ""ndvi"", ""op"": ""<"", ""value"": 0.45}]}",Transmitted by leafhoppers; narrow chlorotic streaks,Control leafhopper vectors with imidacloprid seed treatment or foliar spray; remove and destroy infected plants,Immediately
Maize,MAIZE_FALL_ARMYWORM,Fall Armyworm,Pest,Spodoptera frugiperda,10.0,28.0,38.0,Any,Any,,,,,Any,Any,NDVI patchy decline,NDMI normal,NDRE low,V3–VT,,,,,,,,,,,Any,,High,,,,"{""logic"": ""AND"", ""conditions"": [{""field"": ""ndvi"", ""op"": ""<"", ""value"": 0.45}]}",Defoliation; >28°C accelerates larval development,Apply emamectin benzoate or spinetoram to whorl; inspect at dawn or dusk; use push-pull intercrop,Within 2 days
Maize,MAIZE_AFLATOXIN_ASPERGILLU,Aflatoxin (Aspergillus),Fungal,Aspergillus flavus,25.0,35.0,42.0,80,90,Low (<7),Drought stress,,,Sandy/dry,Any,NDVI stressed,NDMI very low,NDRE low,R3–R6,,,,,,,,,,,Sandy/dry,,High,,,,"{""logic"": ""AND"", ""conditions"": [{""field"": ""ndvi"", ""op"": ""<"", ""value"": 0.45}]}",Grain contamination; drought+heat trigger,Irrigate immediately to relieve drought stress; harvest at correct maturity; dry grain to <13% moisture rapidly,Today
Maize,MAIZE_STALK_ROT_FUSARIUM,Stalk Rot (Fusarium),Fungal,Fusarium graminearum,20.0,25.0,35.0,80,95,Any,Wet then dry,5.5,7.0,Any,Any,NDVI premature dying,NDMI variable,NDRE low,R4–R6,,,,,,,,,5.5,7.0,Any,,High,,,,"{""logic"": ""AND"", ""conditions"": [{""field"": ""ndvi"", ""op"": ""<"", ""value"": 0.45}]}",Stalk lodging; follows stress or injury,"Harvest early to minimise lodging losses; scout by pushing stalk — if it collapses, prioritise that block",Within 3 days
Maize,MAIZE_MAIZE_LETHAL_NECROSI,Maize Lethal Necrosis,Viral,MCMV + SCMV co-infection,18.0,26.0,34.0,Any,Any,,,,,Any,Any,NDVI severe,NDMI normal,NDRE very low,V3–VT,,,,,,,,,,,Any,,Severe,,,,"{""logic"": ""AND"", ""conditions"": [{""field"": ""ndvi"", ""op"": ""<"", ""value"": 0.45}]}",Co-infection required; vector-borne; East Africa epidemic,Rogue and destroy infected plants immediately; control all insect vectors; use clean certified seed only,Immediately
Maize,MAIZE_DOWNY_MILDEW,Downy Mildew,Fungal/Oomycete,Peronosclerospora spp.,20.0,25.0,32.0,90,99,Dew/rain,Heavy dew,5.5,7.5,Poor,Any,NDVI pale striping,NDMI high,NDRE low,V1–V6,,,,,,,,,5.5,7.5,Poor,,High,,,,"{""logic"": ""AND"", ""conditions"": [{""field"": ""ndvi"", ""op"": ""<"", ""value"": 0.45}]}",Systemic; white downy growth on young leaves,Apply metalaxyl seed treatment for next season; remove systemically infected plants; improve drainage,Immediately
Rice,RICE_RICE_BLAST,Rice Blast,Fungal,Magnaporthe oryzae,19.0,26.0,28.0,90,99,8–10 hrs,"High RH, dew",5.0,6.5,Flooded,Any,NDVI diamond lesions,NDMI high,NDRE low,Tillering–Heading,,,,,,,,,5.0,6.5,Flooded,,Severe,,,,"{""logic"": ""AND"", ""conditions"": [{""field"": ""ndvi"", ""op"": ""<"", ""value"": 0.45}]}",Most destructive rice disease globally,Apply tricyclazole or isoprothiolane fungicide immediately; reduce nitrogen application; maintain good drainage,Today
Rice,RICE_BACTERIAL_LEAF_BLIGH,Bacterial Leaf Blight,Bacterial,Xanthomonas oryzae pv. oryzae,25.0,30.0,35.0,80,95,Rain splash,Heavy rain,5.0,7.0,Flooded,Any,NDVI wilting,NDMI low,NDRE very low,Tillering–Heading,,,,,,,,,5.0,7.0,Flooded,,High,,,,"{""logic"": ""AND"", ""conditions"": [{""field"": ""ndvi"", ""op"": ""<"", ""value"": 0.45}]}",Water-soaked margins; spreads via irrigation water,Drain field for 5-7 days; avoid overhead irrigation; apply copper-based bactericide; use resistant variety,Within 2 days
Rice,RICE_SHEATH_BLIGHT,Sheath Blight,Fungal,Rhizoctonia solani,25.0,30.0,35.0,95,99,,High humidity,5.5,7.0,Flooded,Any,NDVI lower canopy loss,NDMI high,NDRE low,Tillering–Booting,,,,,,,,,5.5,7.0,Flooded,,High,,,,"{""logic"": ""AND"", ""conditions"": [{""field"": ""ndvi"", ""op"": ""<"", ""value"": 0.45}]}",Oval gray lesions on sheaths; dense canopy favors,Apply validamycin or propiconazole fungicide at sheath; reduce nitrogen; open canopy for airflow,Within 3 days
Rice,RICE_BROWN_PLANTHOPPER,Brown Planthopper,Pest,Nilaparvata lugens,22.0,28.0,34.0,80,90,,,,,Flooded,Any,NDVI hopperburn,NDMI low post-damage,NDRE low,Tillering–Grain fill,,,,,,,,,,,Flooded,,Severe,,,,"{""logic"": ""AND"", ""conditions"": [{""field"": ""ndvi"", ""op"": ""<"", ""value"": 0.45}]}",Hopperburn causes rapid death; N overuse promotes,Apply buprofezin or etofenprox — avoid pyrethroid and carbamate which cause resurgence; drain field temporarily,Today
Rice,RICE_RICE_TUNGRO,Rice Tungro,Viral,RTBV + RTSV,25.0,28.0,35.0,Any,Any,,,,,Flooded,Any,NDVI yellow-orange,NDMI normal,NDRE low,Tillering,,,,,,,,,,,Flooded,,High,,,,"{""logic"": ""AND"", ""conditions"": [{""field"": ""ndvi"", ""op"": ""<"", ""value"": 0.45}]}",Green leafhopper vector; orange discoloration,Control green leafhopper vector with imidacloprid; rogue infected plants; plant resistant variety,Immediately
Rice,RICE_FALSE_SMUT,False Smut,Fungal,Ustilaginoidea virens,25.0,28.0,32.0,90,99,Rain at heading,High RH,5.5,7.0,Flooded,Any,NDVI green balls,NDMI high,NDRE low,Heading–Grain fill,,,,,,,,,5.5,7.0,Flooded,,Medium,,,,"{""logic"": ""AND"", ""conditions"": [{""field"": ""ndvi"", ""op"": ""<"", ""value"": 0.45}]}",Green spore balls replace grains,Apply propiconazole at booting stage; use healthy seed; reduce nitrogen at heading,Within 3 days
Rice,RICE_NECK_ROT_BLAST,Neck Rot (Blast),Fungal,Magnaporthe oryzae,19.0,26.0,28.0,90,99,8+ hrs,Dew/drizzle,5.0,6.5,Flooded,Any,NDVI white panicles,NDMI high,NDRE very low,Heading,,,,,,,,,5.0,6.5,Flooded,,Severe,,,,"{""logic"": ""AND"", ""conditions"": [{""field"": ""ndvi"", ""op"": ""<"", ""value"": 0.45}]}",Panicle form of blast; whitehead symptom,Apply tricyclazole at booting; this is the most critical timing — missing it results in complete loss,Today
Rice,RICE_STEM_BORER,Stem Borer,Pest,Scirpophaga incertulas,25.0,30.0,38.0,Any,Any,,,,,Any,Any,NDVI deadheart/whitehead,NDMI normal,NDRE low,Seedling–Heading,,,,,,,,,,,Any,,High,,,,"{""logic"": ""AND"", ""conditions"": [{""field"": ""ndvi"", ""op"": ""<"", ""value"": 0.45}]}",Deadheart (veg) or whitehead (repro),Apply chlorantraniliprole or fipronil granules at planting; clip and transplant seedlings to remove egg masses,Within 3 days
Wheat,WHEAT_YELLOW_STRIPE_RUST,Yellow (Stripe) Rust,Fungal,Puccinia striiformis,7.0,15.0,20.0,90,99,Dew,Cool humid,6.0,7.5,Any,Any,NDVI yellow stripes,NDMI high,NDRE low,Tillering–Heading,,,,,,,,,6.0,7.5,Any,,Severe,,,,"{""logic"": ""AND"", ""conditions"": [{""field"": ""ndvi"", ""op"": ""<"", ""value"": 0.45}]}",Cool highland specialist; airborne spores,Apply propiconazole or tebuconazole immediately — yellow rust can spread 50km in a week via wind; scout neighbours,Today
Wheat,WHEAT_STEM_RUST,Stem Rust,Fungal,Puccinia graminis f.sp. tritici,15.0,20.0,30.0,90,99,6+ hrs,Warm humid,6.0,7.5,Any,Any,NDVI reddish lesions,NDMI high,NDRE low,Jointing–Heading,,,,,,,,,6.0,7.5,Any,,Severe,,,,"{""logic"": ""AND"", ""conditions"": [{""field"": ""ndvi"", ""op"": ""<"", ""value"": 0.45}]}",Ug99 race is global threat,Apply tebuconazole or propiconazole urgently; notify local agriculture extension — Ug99 is a quarantine concern,Today
Wheat,WHEAT_LEAF_RUST,Leaf Rust,Fungal,Puccinia triticina,10.0,18.0,30.0,90,99,5+ hrs,Dew/drizzle,6.0,7.5,Any,Any,NDVI orange pustules,NDMI moderate,NDRE low,Tillering–Grain fill,,,,,,,,,6.0,7.5,Any,,High,,,,"{""logic"": ""AND"", ""conditions"": [{""field"": ""ndvi"", ""op"": ""<"", ""value"": 0.45}]}",Most common wheat rust worldwide,Apply triazole fungicide at first pustule; flag leaf timing is critical; protect upper canopy,Within 2 days
Wheat,WHEAT_FUSARIUM_HEAD_BLIGHT,Fusarium Head Blight (Scab),Fungal,Fusarium graminearum,15.0,25.0,35.0,85,99,Wet at flowering,Rain at anthesis,6.0,7.5,Any,Any,NDVI bleached heads,NDMI high,NDRE very low,Anthesis,,,,,,,,,6.0,7.5,Any,,Severe,,,,"{""logic"": ""AND"", ""conditions"": [{""field"": ""ndvi"", ""op"": ""<"", ""value"": 0.45}]}",DON mycotoxin contamination; wet flowering critical,Apply tebuconazole or metconazole at early anthesis — this is the only effective timing; test grain for DON before sale,Today
Wheat,WHEAT_POWDERY_MILDEW,Powdery Mildew,Fungal,Blumeria graminis f.sp. tritici,10.0,17.0,25.0,50,85,Not required,Moderate humidity,6.0,7.5,Any,Any,NDVI white powder,NDMI low,NDRE low,Tillering–Flag leaf,,,,,,,,,6.0,7.5,Any,,Medium,,,,"{""logic"": ""AND"", ""conditions"": [{""field"": ""ndvi"", ""op"": ""<"", ""value"": 0.45}]}",White colonies; dense canopy + N-rich,Apply trifloxystrobin or propiconazole; reduce nitrogen; increase row spacing for airflow,Within 3 days
Wheat,WHEAT_SEPTORIA_LEAF_BLOTCH,Septoria Leaf Blotch,Fungal,Zymoseptoria tritici,10.0,20.0,30.0,85,99,Rain splash,Wet cool,6.0,7.5,Any,Any,NDVI tan blotches,NDMI high,NDRE low,Seedling–Flag leaf,,,,,,,,,6.0,7.5,Any,,High,,,,"{""logic"": ""AND"", ""conditions"": [{""field"": ""ndvi"", ""op"": ""<"", ""value"": 0.45}]}",Most important in Europe; rain splash spread,Apply fungicide (SDHI + triazole mix) at flag leaf emergence; reduce leaf wetness by wider row spacing,Within 3 days
Wheat,WHEAT_HESSIAN_FLY,Hessian Fly,Pest,Mayetiola destructor,5.0,15.0,25.0,Any,Any,,,,,Any,Any,NDVI stunting,NDMI normal,NDRE low,Seedling–Tillering,,,,,,,,,,,Any,,High,,,,"{""logic"": ""AND"", ""conditions"": [{""field"": ""ndvi"", ""op"": ""<"", ""value"": 0.45}]}",Cool season pest; early planting increases risk,Destroy crop residues; delay planting until fly-free date for your region; use resistant variety,This season
Wheat,WHEAT_BARLEY_YELLOW_DWARF,Barley Yellow Dwarf,Viral,BYDV (Luteovirus),10.0,20.0,30.0,Any,Any,,,,,Any,Any,NDVI yellow/purple tips,NDMI normal,NDRE low,Seedling–Tillering,,,,,,,,,,,Any,,Medium,,,,"{""logic"": ""AND"", ""conditions"": [{""field"": ""ndvi"", ""op"": ""<"", ""value"": 0.45}]}",Aphid-vectored; warm autumns increase vector pressure,Control aphid vectors with pyrethroid; plant early to reduce autumn aphid pressure; use tolerant variety,Within 3 days
Soybean,SOYBEAN_ASIAN_SOYBEAN_RUST,Asian Soybean Rust,Fungal,Phakopsora pachyrhizi,15.0,22.0,28.0,90,99,6+ hrs,High RH,6.0,7.0,Any,Any,NDVI tan pustules,NDMI high,NDRE low,R1–R6,,,,,,,,,6.0,7.0,Any,,Severe,,,,"{""logic"": ""AND"", ""conditions"": [{""field"": ""ndvi"", ""op"": ""<"", ""value"": 0.45}]}",Fastest spreading soybean disease; warm humid,Apply azoxystrobin + cyproconazole or pyraclostrobin immediately — ASR can cause 80% loss if untreated; 14-day re-apply,Today
Soybean,SOYBEAN_SUDDEN_DEATH_SYNDROM,Sudden Death Syndrome,Fungal,Fusarium virguliforme,10.0,18.0,25.0,80,95,Wet planting,Cool wet early,6.0,7.0,Compacted,Any,NDVI interveinal chlorosis,NDMI normal,NDRE very low,R1–R6,,,,,,,,,6.0,7.0,Compacted,,High,,,,"{""logic"": ""AND"", ""conditions"": [{""field"": ""ndvi"", ""op"": ""<"", ""value"": 0.45}]}",Root rot + foliar toxin; cool wet planting = risk,Improve drainage; use fungicide seed treatment next season; reduce SCN populations to lower SDS severity,This season
Soybean,SOYBEAN_PHYTOPHTHORA_ROOT_RO,Phytophthora Root Rot,Fungal/Oomycete,Phytophthora sojae,10.0,25.0,35.0,95,99,Soil saturation,Waterlogging,5.5,7.5,Poor,Any,NDVI wilting,NDMI high,NDRE low,Any,,,,,,,,,5.5,7.5,Poor,,High,,,,"{""logic"": ""AND"", ""conditions"": [{""field"": ""ndvi"", ""op"": ""<"", ""value"": 0.45}]}",Clay/poor drainage; damping off in seedlings,Improve field drainage urgently; use metalaxyl seed treatment next season; plant resistant variety,Within 2 days
Soybean,SOYBEAN_SOYBEAN_CYST_NEMATOD,Soybean Cyst Nematode,Nematode,Heterodera glycines,10.0,25.0,35.0,Any,Any,Soil moisture,Any,5.5,7.5,Any,Any,NDVI patchy stunting,NDMI low,NDRE low,V2–R8,,,,,,,,,5.5,7.5,Any,,High,,,,"{""logic"": ""AND"", ""conditions"": [{""field"": ""ndvi"", ""op"": ""<"", ""value"": 0.45}]}",Most economically damaging nematode of soybean,Rotate to non-host (corn/sorghum); use resistant SCN variety; collect soil sample and send for HG type,This season
Soybean,SOYBEAN_WHITE_MOLD_SCLEROTIN,White Mold (Sclerotinia),Fungal,Sclerotinia sclerotiorum,15.0,20.0,25.0,90,99,Flowering wet,Cool wet flowering,6.0,7.5,Any,Any,NDVI bleached stems,NDMI high,NDRE low,R1–R3,,,,,,,,,6.0,7.5,Any,,High,,,,"{""logic"": ""AND"", ""conditions"": [{""field"": ""ndvi"", ""op"": ""<"", ""value"": 0.45}]}",Cool weather + dense canopy; hard sclerotia in soil,Apply boscalid or fluazinam at R1 (first flower); widen row spacing; avoid irrigating during flowering,Within 3 days
Soybean,SOYBEAN_BEAN_POD_MOTH,Bean Pod Moth,Pest,Maruca vitrata,22.0,28.0,36.0,Any,Any,,,,,Any,Any,NDVI pod damage,NDMI normal,NDRE low,Flowering–Pod fill,,,,,,,,,,,Any,,Medium,,,,"{""logic"": ""AND"", ""conditions"": [{""field"": ""ndvi"", ""op"": ""<"", ""value"": 0.45}]}",Warm humid; pods webbed and bored,Scout at early morning or evening; apply targeted insecticide; check for natural enemy activity before spraying,Within 1 week
Potato,POTATO_LATE_BLIGHT,Late Blight,Fungal/Oomycete,Phytophthora infestans,10.0,18.0,25.0,90,99,10+ hrs,Cool wet,5.0,7.0,Any,Any,NDVI water-soaked lesions,NDMI high,NDRE low,Any,,,,,,,,,5.0,7.0,Any,,Severe,,,,"{""logic"": ""AND"", ""conditions"": [{""field"": ""ndvi"", ""op"": ""<"", ""value"": 0.45}]}",Caused Irish Famine; spreads rapidly in cool wet conditions,Apply chlorothalonil or cymoxanil+mancozeb immediately — late blight spreads 1ha/day in ideal conditions,Today
Potato,POTATO_EARLY_BLIGHT,Early Blight,Fungal,Alternaria solani,24.0,30.0,35.0,80,90,,Warm dry,5.0,7.0,Any,Any,NDVI concentric rings,NDMI low,NDRE low,Any,,,,,,,,,5.0,7.0,Any,,Medium,,,,"{""logic"": ""AND"", ""conditions"": [{""field"": ""ndvi"", ""op"": ""<"", ""value"": 0.45}]}",Target-board lesions; stressed/aged plants most susceptible,Apply mancozeb or azoxystrobin at first lesion; maintain consistent irrigation to reduce plant stress,Within 3 days
Potato,POTATO_BACTERIAL_SOFT_ROT,Bacterial Soft Rot,Bacterial,Pectobacterium spp.,20.0,30.0,35.0,90,99,,Wet warm,5.5,7.0,Poor,Any,NDVI collapse,NDMI very high,NDRE very low,Any,,,,,,,,,5.5,7.0,Poor,,High,,,,"{""logic"": ""AND"", ""conditions"": [{""field"": ""ndvi"", ""op"": ""<"", ""value"": 0.45}]}","Mushy rot in tubers; poor drainage, wounds",Improve drainage; avoid wounding during cultivation; harvest promptly; store in cool dry conditions,Within 2 days
Potato,POTATO_POTATO_VIRUS_Y_PVY,Potato Virus Y (PVY),Viral,Potyvirus,15.0,25.0,30.0,Any,Any,,,,,Any,Any,NDVI mosaic/necrosis,NDMI normal,NDRE low,Any,,,,,,,,,,,Any,,High,,,,"{""logic"": ""AND"", ""conditions"": [{""field"": ""ndvi"", ""op"": ""<"", ""value"": 0.45}]}",Aphid-vectored; seed tuber quality critical,Remove and destroy infected plants; control insect vector with recommended insecticide; use certified virus-free planting material,Within 2 days
Potato,POTATO_COMMON_SCAB,Common Scab,Bacterial,Streptomyces scabies,20.0,25.0,32.0,<80%,<80%,,Dry soil,5.2,7.0,Sandy/dry,Any,NDVI normal,NDMI low,NDRE normal,Tuber initiation,,,,,,,,,5.2,7.0,Sandy/dry,,Medium,,,,"{""logic"": ""AND"", ""conditions"": [{""field"": ""ndvi"", ""op"": ""<"", ""value"": 0.45}]}",Dry soil pH>5.5 at tuber set; avoid lime near planting,Irrigate consistently at tuber initiation; avoid lime near planting; acidify soil below pH 5.5 if scab-prone,Within 3 days
Potato,POTATO_COLORADO_POTATO_BEET,Colorado Potato Beetle,Pest,Leptinotarsa decemlineata,12.0,25.0,35.0,Any,Any,,,,,Any,Any,NDVI defoliation,NDMI normal,NDRE low,V6–Senescence,,,,,,,,,,,Any,,High,,,,"{""logic"": ""AND"", ""conditions"": [{""field"": ""ndvi"", ""op"": ""<"", ""value"": 0.45}]}",Heavy defoliation; insecticide resistance common,Scout at early morning or evening; apply targeted insecticide; check for natural enemy activity before spraying,Within 2 days
Potato,POTATO_BLACK_LEG,Black Leg,Bacterial,Pectobacterium atrosepticum,15.0,22.0,30.0,90,99,,Wet cool,5.5,7.0,Poor,Any,NDVI black stem base,NDMI high,NDRE very low,Emergence–Canopy,,,,,,,,,5.5,7.0,Poor,,Medium,,,,"{""logic"": ""AND"", ""conditions"": [{""field"": ""ndvi"", ""op"": ""<"", ""value"": 0.45}]}",Infected seed pieces + wet soils,Apply copper-based bactericide; reduce leaf wetness via canopy management; use certified disease-free seed,Within 1 week
Cassava,CASSAVA_CASSAVA_MOSAIC_DISEA,Cassava Mosaic Disease,Viral,African Cassava Mosaic Virus (ACMV),20.0,28.0,35.0,Any,Any,,,,,Any,Any,NDVI mosaic pattern,NDMI normal,NDRE low,Any,,,,,,,,,,,Any,,Severe,,,,"{""logic"": ""AND"", ""conditions"": [{""field"": ""ndvi"", ""op"": ""<"", ""value"": 0.45}]}",Whitefly vector; most damaging cassava disease in Africa,Rogue and destroy infected plants; use virus-free planting material from certified source; control whitefly with imidacloprid,Immediately
Cassava,CASSAVA_CASSAVA_BROWN_STREAK,Cassava Brown Streak,Viral,CBSV/UCBSV,20.0,28.0,35.0,Any,Any,,,,,Any,Any,NDVI leaf chlorosis,NDMI normal,NDRE low,Any,,,,,,,,,,,Any,,Severe,,,,"{""logic"": ""AND"", ""conditions"": [{""field"": ""ndvi"", ""op"": ""<"", ""value"": 0.45}]}",Whitefly vector; tuber necrosis; East Africa,Rogue infected plants; use only certified disease-free cuttings; do not move planting material from affected areas,Immediately
Cassava,CASSAVA_CASSAVA_BACTERIAL_BL,Cassava Bacterial Blight,Bacterial,Xanthomonas axonopodis pv. manihotis,24.0,30.0,35.0,90,99,Rain splash,Wet warm,5.5,7.0,Any,Any,NDVI angular lesions,NDMI high,NDRE low,Any,,,,,,,,,5.5,7.0,Any,,High,,,,"{""logic"": ""AND"", ""conditions"": [{""field"": ""ndvi"", ""op"": ""<"", ""value"": 0.45}]}",Angular water-soaked lesions; systemic wilting,Apply copper bactericide; remove and destroy infected leaves; plant resistant varieties,Within 3 days
Cassava,CASSAVA_CASSAVA_GREEN_MITE,Cassava Green Mite,Pest,Mononychellus tanajoa,24.0,32.0,40.0,<70%,<70%,,Dry hot,,,Any,Any,NDVI leaf distortion,NDMI very low,NDRE low,Any,,,,,,,,,,,Any,,High,,,,"{""logic"": ""AND"", ""conditions"": [{""field"": ""ndvi"", ""op"": ""<"", ""value"": 0.45}]}","Dry hot conditions; leaf lobing, distortion",Apply acaricide (abamectin or fenpyroximate); release predatory mite Typhlodromalus aripo if available,Within 3 days
Cassava,CASSAVA_ANTHRACNOSE,Anthracnose,Fungal,Colletotrichum gloeosporioides,20.0,26.0,35.0,90,99,Rain,Wet warm,5.5,7.5,Any,Any,NDVI stem lesions,NDMI high,NDRE moderate,Any,,,,,,,,,5.5,7.5,Any,,Medium,,,,"{""logic"": ""AND"", ""conditions"": [{""field"": ""ndvi"", ""op"": ""<"", ""value"": 0.45}]}",Die-back of stems and tips,Apply registered fungicide for this pathogen; improve canopy airflow; remove and destroy infected tissue,Within 1 week
Sorghum,SORGHUM_HEAD_SMUT,Head Smut,Fungal,Sphacelotheca reiliana,18.0,25.0,35.0,80,90,Soil infection,Dry warm planting,5.5,7.5,Any,Any,NDVI smutted heads,NDMI normal,NDRE low,Heading,,,,,,,,,5.5,7.5,Any,,High,,,,"{""logic"": ""AND"", ""conditions"": [{""field"": ""ndvi"", ""op"": ""<"", ""value"": 0.45}]}",Seed/soil-borne; dry warm at germination increases risk,Apply registered fungicide for this pathogen; improve canopy airflow; remove and destroy infected tissue,Within 2 days
Sorghum,SORGHUM_GRAIN_MOLD,Grain Mold,Fungal,Fusarium/Curvularia complex,22.0,28.0,35.0,90,99,Wet at heading,Rain at harvest,,,Any,Any,NDVI moldy panicles,NDMI high,NDRE low,Grain fill–Harvest,,,,,,,,,,,Any,,High,,,,"{""logic"": ""AND"", ""conditions"": [{""field"": ""ndvi"", ""op"": ""<"", ""value"": 0.45}]}",Grain quality loss; warm humid at maturity,Apply registered fungicide for this pathogen; improve canopy airflow; remove and destroy infected tissue,Within 2 days
Sorghum,SORGHUM_ANTHRACNOSE,Anthracnose,Fungal,Colletotrichum sublineolum,22.0,28.0,35.0,90,99,Leaf wetness,Warm wet,5.5,7.5,Any,Any,NDVI red lesions,NDMI high,NDRE low,Any,,,,,,,,,5.5,7.5,Any,,High,,,,"{""logic"": ""AND"", ""conditions"": [{""field"": ""ndvi"", ""op"": ""<"", ""value"": 0.45}]}",Small red lesions; warm humid tropical conditions,Apply registered fungicide for this pathogen; improve canopy airflow; remove and destroy infected tissue,Within 2 days
Sorghum,SORGHUM_SORGHUM_SHOOT_FLY,Sorghum Shoot Fly,Pest,Atherigona soccata,22.0,30.0,38.0,Any,Any,,,,,Any,Any,NDVI deadheart,NDMI normal,NDRE low,Seedling,,,,,,,,,,,Any,,High,,,,"{""logic"": ""AND"", ""conditions"": [{""field"": ""ndvi"", ""op"": ""<"", ""value"": 0.45}]}",Early planting + dry conditions = risk,Scout at early morning or evening; apply targeted insecticide; check for natural enemy activity before spraying,Within 2 days
Sorghum,SORGHUM_DOWNY_MILDEW,Downy Mildew,Fungal/Oomycete,Peronosclerospora sorghi,20.0,25.0,32.0,90,99,Dew,Cool humid,5.5,7.5,Poor,Any,NDVI white stripe,NDMI high,NDRE low,Seedling–V6,,,,,,,,,5.5,7.5,Poor,,High,,,,"{""logic"": ""AND"", ""conditions"": [{""field"": ""ndvi"", ""op"": ""<"", ""value"": 0.45}]}",Systemic infection; seed and soil-borne,Apply metalaxyl-based or copper fungicide; improve drainage; avoid overhead irrigation,Within 2 days
Cotton,COTTON_VERTICILLIUM_WILT,Verticillium Wilt,Fungal,Verticillium dahliae,18.0,22.0,28.0,60,80,Soil moisture,Cool soil,5.5,8.0,Any,Any,NDVI wilting,NDMI low,NDRE very low,Fruiting,,,,,,,,,5.5,8.0,Any,,High,,,,"{""logic"": ""AND"", ""conditions"": [{""field"": ""ndvi"", ""op"": ""<"", ""value"": 0.45}]}",Soil-borne; cool soils after canopy closure,Apply registered fungicide for this pathogen; improve canopy airflow; remove and destroy infected tissue,Within 2 days
Cotton,COTTON_FUSARIUM_WILT,Fusarium Wilt,Fungal,Fusarium oxysporum f.sp. vasinfectum,22.0,28.0,35.0,70,90,Soil moisture,Warm wet soil,5.0,7.0,Poor,Any,NDVI wilting,NDMI low,NDRE very low,Any,,,,,,,,,5.0,7.0,Poor,,High,,,,"{""logic"": ""AND"", ""conditions"": [{""field"": ""ndvi"", ""op"": ""<"", ""value"": 0.45}]}",Vascular browning; exacerbated by nematodes,Apply registered fungicide for this pathogen; improve canopy airflow; remove and destroy infected tissue,Within 2 days
Cotton,COTTON_BOLL_WEEVIL,Boll Weevil,Pest,Anthonomus grandis,15.0,28.0,38.0,Any,Any,,,,,Any,Any,NDVI square/boll loss,NDMI normal,NDRE low,Squaring–Boll fill,,,,,,,,,,,Any,,Severe,,,,"{""logic"": ""AND"", ""conditions"": [{""field"": ""ndvi"", ""op"": ""<"", ""value"": 0.45}]}",Overwinters in crop debris; adults feed on squares,Scout at early morning or evening; apply targeted insecticide; check for natural enemy activity before spraying,Today
Cotton,COTTON_COTTON_BOLLWORM,Cotton Bollworm,Pest,Helicoverpa armigera,15.0,28.0,40.0,Any,Any,,,,,Any,Any,NDVI boll damage,NDMI normal,NDRE low,Flowering–Boll fill,,,,,,,,,,,Any,,High,,,,"{""logic"": ""AND"", ""conditions"": [{""field"": ""ndvi"", ""op"": ""<"", ""value"": 0.45}]}",Polyphagous; Bt resistance increasing,Scout at early morning or evening; apply targeted insecticide; check for natural enemy activity before spraying,Within 2 days
Cotton,COTTON_BACTERIAL_BLIGHT,Bacterial Blight,Bacterial,Xanthomonas axonopodis pv. malvacearum,25.0,30.0,35.0,90,99,Rain splash,Warm wet,5.5,7.5,Any,Any,NDVI angular lesions,NDMI high,NDRE low,Any,,,,,,,,,5.5,7.5,Any,,Medium,,,,"{""logic"": ""AND"", ""conditions"": [{""field"": ""ndvi"", ""op"": ""<"", ""value"": 0.45}]}",Angular water-soaked spots; spread by rain,Apply copper-based bactericide; reduce leaf wetness via canopy management; use certified disease-free seed,Within 1 week
Banana,BANANA_FUSARIUM_WILT_PANAMA,Fusarium Wilt (Panama),Fungal,Fusarium oxysporum f.sp. cubense,20.0,27.0,34.0,70,95,Soil moisture,Warm wet,5.0,7.0,Any,Any,NDVI yellowing,NDMI low,NDRE very low,Any,,,,,,,,,5.0,7.0,Any,,Severe,,,,"{""logic"": ""AND"", ""conditions"": [{""field"": ""ndvi"", ""op"": ""<"", ""value"": 0.45}]}",Tr4 race threatens Cavendish; soil-borne; no cure,Quarantine the farm immediately — do not move soil or plant material; notify national plant health authority; no chemical cure exists,Immediately
Banana,BANANA_BLACK_SIGATOKA,Black Sigatoka,Fungal,Mycosphaerella fijiensis,20.0,27.0,35.0,90,99,Rain,Wet humid,5.5,7.5,Any,Any,NDVI black streaks,NDMI high,NDRE low,Any,,,,,,,,,5.5,7.5,Any,,Severe,,,,"{""logic"": ""AND"", ""conditions"": [{""field"": ""ndvi"", ""op"": ""<"", ""value"": 0.45}]}",Reduces yield up to 50%; most common in humid tropics,Apply systemic fungicide (propiconazole or tridemorph); maintain defoliation schedule; use resistant variety where possible,Within 3 days
Banana,BANANA_BANANA_BUNCHY_TOP,Banana Bunchy Top,Viral,BBTV (Nanovirus),20.0,30.0,35.0,Any,Any,,,,,Any,Any,NDVI rosette,NDMI normal,NDRE low,Any,,,,,,,,,,,Any,,Severe,,,,"{""logic"": ""AND"", ""conditions"": [{""field"": ""ndvi"", ""op"": ""<"", ""value"": 0.45}]}",Aphid-vectored; no fruit set; quarantine disease,Destroy entire infected mat and neighbours; control aphid vectors; use indexed clean planting material only,Immediately
Banana,BANANA_BACTERIAL_WILT_XANTH,Bacterial Wilt (Xanthomonas),Bacterial,Xanthomonas vasicola pv. musacearum,20.0,28.0,35.0,80,95,Insect/tools,Warm humid,,,Any,Any,NDVI wilting/yellowing,NDMI low,NDRE very low,Any,,,,,,,,,,,Any,,Severe,,,,"{""logic"": ""AND"", ""conditions"": [{""field"": ""ndvi"", ""op"": ""<"", ""value"": 0.45}]}",No cure; spread by insects and contaminated tools,Apply copper-based bactericide; reduce leaf wetness via canopy management; use certified disease-free seed,Today
Coffee,COFFEE_COFFEE_LEAF_RUST,Coffee Leaf Rust,Fungal,Hemileia vastatrix,16.0,22.0,28.0,90,99,Rain splash,Warm wet,5.5,7.0,Well drained,Any,NDVI orange pustules,NDMI high,NDRE low,Any,,,,,,,,,5.5,7.0,Well drained,,Severe,,,,"{""logic"": ""AND"", ""conditions"": [{""field"": ""ndvi"", ""op"": ""<"", ""value"": 0.45}]}",Biggest coffee threat globally; warming range expansion,Apply copper fungicide or triazole (propiconazole); increase shade if possible; prune for airflow; plant resistant variety,Within 3 days
Coffee,COFFEE_COFFEE_BERRY_BORER,Coffee Berry Borer,Pest,Hypothenemus hampei,20.0,27.0,34.0,80,90,,,,,Any,Any,NDVI berry damage,NDMI normal,NDRE low,Berry development,,,,,,,,,,,Any,,High,,,,"{""logic"": ""AND"", ""conditions"": [{""field"": ""ndvi"", ""op"": ""<"", ""value"": 0.45}]}",Bores into berries; prefers temperatures >20°C,Set alcohol traps for monitoring; apply Beauveria bassiana bioinsecticide; harvest all ripe and overripe berries promptly,Within 1 week
Coffee,COFFEE_COFFEE_WILT_FUSARIUM,Coffee Wilt (Fusarium),Fungal,Fusarium xylarioides,18.0,25.0,32.0,80,95,Soil moisture,Warm wet,5.5,7.0,Any,Any,NDVI wilting,NDMI low,NDRE very low,Any,,,,,,,,,5.5,7.0,Any,,High,,,,"{""logic"": ""AND"", ""conditions"": [{""field"": ""ndvi"", ""op"": ""<"", ""value"": 0.45}]}",Vascular wilt; Ethiopia/Uganda epidemic,Apply registered fungicide for this pathogen; improve canopy airflow; remove and destroy infected tissue,Within 2 days
Coffee,COFFEE_ANTHRACNOSE,Anthracnose,Fungal,Colletotrichum kahawae,15.0,22.0,28.0,90,99,Rain,Cool wet highlands,5.5,7.0,Well drained,Any,NDVI brown berry,NDMI high,NDRE low,Berry development,,,,,,,,,5.5,7.0,Well drained,,High,,,,"{""logic"": ""AND"", ""conditions"": [{""field"": ""ndvi"", ""op"": ""<"", ""value"": 0.45}]}",Coffee Berry Disease; cool highland specialist,Apply registered fungicide for this pathogen; improve canopy airflow; remove and destroy infected tissue,Within 2 days
Tea,TEA_BLISTER_BLIGHT,Blister Blight,Fungal,Exobasidium vexans,15.0,20.0,25.0,90,99,Rain splash,Cool wet,4.5,6.0,Well drained,Any,NDVI blister spots,NDMI high,NDRE low,Young flush,,,,,,,,,4.5,6.0,Well drained,,High,,,,"{""logic"": ""AND"", ""conditions"": [{""field"": ""ndvi"", ""op"": ""<"", ""value"": 0.45}]}",Attacks young flush; cool wet at plucking critical,Apply registered fungicide for this pathogen; improve canopy airflow; remove and destroy infected tissue,Within 2 days
Tea,TEA_ROOT_ROT_PHYTOPHTHOR,Root Rot (Phytophthora),Fungal/Oomycete,Phytophthora cinnamomi,15.0,25.0,30.0,90,99,Soil saturation,Wet poorly drained,4.5,6.0,Poor,Any,NDVI crown die-back,NDMI very high,NDRE very low,Any,,,,,,,,,4.5,6.0,Poor,,High,,,,"{""logic"": ""AND"", ""conditions"": [{""field"": ""ndvi"", ""op"": ""<"", ""value"": 0.45}]}",Poor drainage + compaction favors,Apply metalaxyl-based or copper fungicide; improve drainage; avoid overhead irrigation,Within 2 days
Tea,TEA_TEA_MOSQUITO_BUG,Tea Mosquito Bug,Pest,Helopeltis theivora,20.0,28.0,35.0,70,85,,,,,Any,Any,NDVI tip lesions,NDMI normal,NDRE low,Flush,,,,,,,,,,,Any,,High,,,,"{""logic"": ""AND"", ""conditions"": [{""field"": ""ndvi"", ""op"": ""<"", ""value"": 0.45}]}",Warm dry conditions; piercing-sucking damage,Scout at early morning or evening; apply targeted insecticide; check for natural enemy activity before spraying,Within 2 days
Sugarcane,SUGARCANE_SMUT,Smut,Fungal,Sporisorium scitamineum,18.0,25.0,35.0,80,95,Soil moisture,Warm wet,5.5,7.5,Any,Any,NDVI whip/smut,NDMI moderate,NDRE low,Any,,,,,,,,,5.5,7.5,Any,,High,,,,"{""logic"": ""AND"", ""conditions"": [{""field"": ""ndvi"", ""op"": ""<"", ""value"": 0.45}]}",Black whip replaces apex; systemic,Apply registered fungicide for this pathogen; improve canopy airflow; remove and destroy infected tissue,Within 2 days
Sugarcane,SUGARCANE_YELLOW_LEAF_DISEASE,Yellow Leaf Disease,Viral,Sugarcane yellow leaf virus (SCYLV),18.0,28.0,35.0,Any,Any,,,,,Any,Any,NDVI yellow midrib,NDMI normal,NDRE low,Grand growth–Maturation,,,,,,,,,,,Any,,Medium,,,,"{""logic"": ""AND"", ""conditions"": [{""field"": ""ndvi"", ""op"": ""<"", ""value"": 0.45}]}",Aphid-vectored; reduces sucrose content,Remove and destroy infected plants; control insect vector with recommended insecticide; use certified virus-free planting material,Within 1 week
Sugarcane,SUGARCANE_RED_ROT,Red Rot,Fungal,Colletotrichum falcatum,25.0,30.0,38.0,90,99,Wound/rain,Hot wet,5.5,7.5,Any,Any,NDVI red internal rot,NDMI high,NDRE low,Any,,,,,,,,,5.5,7.5,Any,,High,,,,"{""logic"": ""AND"", ""conditions"": [{""field"": ""ndvi"", ""op"": ""<"", ""value"": 0.45}]}",Red internal cavities; spreads via ratoon,Apply registered fungicide for this pathogen; improve canopy airflow; remove and destroy infected tissue,Within 2 days
Sugarcane,SUGARCANE_SUGARCANE_BORER,Sugarcane Borer,Pest,Diatraea saccharalis,20.0,28.0,38.0,Any,Any,,,,,Any,Any,NDVI tunneling damage,NDMI normal,NDRE low,Grand growth,,,,,,,,,,,Any,,High,,,,"{""logic"": ""AND"", ""conditions"": [{""field"": ""ndvi"", ""op"": ""<"", ""value"": 0.45}]}",Internal tunneling; dead hearts in young plants,Scout at early morning or evening; apply targeted insecticide; check for natural enemy activity before spraying,Within 2 days
Groundnut,GROUNDNUT_EARLY_LEAF_SPOT,Early Leaf Spot,Fungal,Cercospora arachidicola,20.0,28.0,35.0,90,99,Leaf wetness,Warm humid,5.5,7.0,Well drained,Any,NDVI brown spots,NDMI high,NDRE low,30–90 days after planting,,,,,,,,,5.5,7.0,Well drained,,High,,,,"{""logic"": ""AND"", ""conditions"": [{""field"": ""ndvi"", ""op"": ""<"", ""value"": 0.45}]}",Brown spots with yellow halo; defoliation,Apply registered fungicide for this pathogen; improve canopy airflow; remove and destroy infected tissue,Within 2 days
Groundnut,GROUNDNUT_LATE_LEAF_SPOT,Late Leaf Spot,Fungal,Cercosporidium personatum,20.0,28.0,35.0,90,99,Leaf wetness,Warm humid,5.5,7.0,Well drained,Any,NDVI dark spots,NDMI high,NDRE low,60–90 days after planting,,,,,,,,,5.5,7.0,Well drained,,High,,,,"{""logic"": ""AND"", ""conditions"": [{""field"": ""ndvi"", ""op"": ""<"", ""value"": 0.45}]}","Darker spots, less halo; more damaging than early",Apply registered fungicide for this pathogen; improve canopy airflow; remove and destroy infected tissue,Within 2 days
Groundnut,GROUNDNUT_AFLATOXIN_ASPERGILLU,Aflatoxin (Aspergillus),Fungal,Aspergillus flavus,25.0,35.0,42.0,80,90,<7 hrs,Drought stress,,,Sandy/dry,Any,NDVI stressed,NDMI very low,NDRE low,Pod fill,,,,,,,,,,,Sandy/dry,,Severe,,,,"{""logic"": ""AND"", ""conditions"": [{""field"": ""ndvi"", ""op"": ""<"", ""value"": 0.45}]}",Kernel contamination; drought stress at pod fill,Apply registered fungicide for this pathogen; improve canopy airflow; remove and destroy infected tissue,Today
Groundnut,GROUNDNUT_ROSETTE_DISEASE,Rosette Disease,Viral,Groundnut rosette virus,20.0,28.0,35.0,Any,Any,,,,,Any,Any,NDVI rosette/dwarf,NDMI normal,NDRE very low,Early vegetative,,,,,,,,,,,Any,,Severe,,,,"{""logic"": ""AND"", ""conditions"": [{""field"": ""ndvi"", ""op"": ""<"", ""value"": 0.45}]}",Aphid-vectored (Aphis craccivora); Africa-specific,Remove and destroy infected plants; control insect vector with recommended insecticide; use certified virus-free planting material,Today
Groundnut,GROUNDNUT_WHITE_MOLD,White Mold,Fungal,Sclerotinia minor,10.0,20.0,28.0,90,99,Wet soil,Cool wet,5.5,7.5,Poor,Any,NDVI crown rot,NDMI high,NDRE low,Pegging–Pod fill,,,,,,,,,5.5,7.5,Poor,,High,,,,"{""logic"": ""AND"", ""conditions"": [{""field"": ""ndvi"", ""op"": ""<"", ""value"": 0.45}]}",Cool wet soil at pegging; crown and pod rot,Apply registered fungicide for this pathogen; improve canopy airflow; remove and destroy infected tissue,Within 2 days
Sunflower,SUNFLOWER_SCLEROTINIA_HEAD_ROT,Sclerotinia Head Rot,Fungal,Sclerotinia sclerotiorum,12.0,20.0,25.0,90,99,Rain/dew,Cool wet,6.0,7.5,Any,Any,NDVI bleached heads,NDMI high,NDRE low,Flowering,,,,,,,,,6.0,7.5,Any,,High,,,,"{""logic"": ""AND"", ""conditions"": [{""field"": ""ndvi"", ""op"": ""<"", ""value"": 0.45}]}",Wet cool at flowering; head becomes mushy,Apply registered fungicide for this pathogen; improve canopy airflow; remove and destroy infected tissue,Within 2 days
Sunflower,SUNFLOWER_DOWNY_MILDEW,Downy Mildew,Fungal/Oomycete,Plasmopara halstedii,10.0,18.0,25.0,90,99,Soil saturation,Cool wet,6.0,7.5,Poor,Any,NDVI stunted pale,NDMI high,NDRE low,Seedling–V6,,,,,,,,,6.0,7.5,Poor,,High,,,,"{""logic"": ""AND"", ""conditions"": [{""field"": ""ndvi"", ""op"": ""<"", ""value"": 0.45}]}",Systemic seed/soil-borne; cool wet seedbed,Apply metalaxyl-based or copper fungicide; improve drainage; avoid overhead irrigation,Within 2 days
Sunflower,SUNFLOWER_PHOMA_BLACK_STEM,Phoma Black Stem,Fungal,Phoma macdonaldii,15.0,22.0,30.0,80,95,Rain,Moderate humidity,6.0,7.5,Any,Any,NDVI black stem canker,NDMI moderate,NDRE low,Stem elongation–Flowering,,,,,,,,,6.0,7.5,Any,,Medium,,,,"{""logic"": ""AND"", ""conditions"": [{""field"": ""ndvi"", ""op"": ""<"", ""value"": 0.45}]}",Black lesions on stem; cool wet conditions,Apply registered fungicide for this pathogen; improve canopy airflow; remove and destroy infected tissue,Within 1 week
Rapeseed,RAPESEED_SCLEROTINIA_STEM_ROT,Sclerotinia Stem Rot,Fungal,Sclerotinia sclerotiorum,10.0,20.0,25.0,90,99,Wet at flowering,Cool wet flowering,6.0,7.5,Any,Any,NDVI bleached stems,NDMI high,NDRE low,Flowering,,,,,,,,,6.0,7.5,Any,,Severe,,,,"{""logic"": ""AND"", ""conditions"": [{""field"": ""ndvi"", ""op"": ""<"", ""value"": 0.45}]}",White mold on stems; sclerotia in soil persist 10+ yrs,Apply registered fungicide for this pathogen; improve canopy airflow; remove and destroy infected tissue,Today
Rapeseed,RAPESEED_BLACKLEG_PHOMA,Blackleg (Phoma),Fungal,Leptosphaeria maculans,5.0,20.0,30.0,80,95,Rain splash,Moderate wet,6.0,7.5,Any,Any,NDVI grey stem base,NDMI moderate,NDRE low,Seedling–Stem extension,,,,,,,,,6.0,7.5,Any,,High,,,,"{""logic"": ""AND"", ""conditions"": [{""field"": ""ndvi"", ""op"": ""<"", ""value"": 0.45}]}",Crown canker causes lodging; seedling cotyledon lesions,Apply registered fungicide for this pathogen; improve canopy airflow; remove and destroy infected tissue,Within 2 days
Rapeseed,RAPESEED_CLUBROOT,Clubroot,Fungal/Protist,Plasmodiophora brassicae,15.0,23.0,30.0,90,99,Soil saturation,Wet acid soil,4.5,6.5,Poor,Any,NDVI wilting,NDMI high,NDRE low,Any,,,,,,,,,4.5,6.5,Poor,,Severe,,,,"{""logic"": ""AND"", ""conditions"": [{""field"": ""ndvi"", ""op"": ""<"", ""value"": 0.45}]}",pH<7.0 + wet soil; soil-borne persistent >20 yrs,Improve drainage; apply liming to raise pH; use resistant variety next season,Today
Rapeseed,RAPESEED_ALTERNARIA_POD_SPOT,Alternaria Pod Spot,Fungal,Alternaria brassicae,18.0,25.0,30.0,80,95,,Warm moderate,6.0,7.5,Any,Any,NDVI dark pod spots,NDMI moderate,NDRE low,Pod fill,,,,,,,,,6.0,7.5,Any,,Medium,,,,"{""logic"": ""AND"", ""conditions"": [{""field"": ""ndvi"", ""op"": ""<"", ""value"": 0.45}]}",Seed quality loss; dark spots on pods,Apply registered fungicide for this pathogen; improve canopy airflow; remove and destroy infected tissue,Within 1 week
Barley,BARLEY_POWDERY_MILDEW,Powdery Mildew,Fungal,Blumeria graminis f.sp. hordei,10.0,17.0,25.0,45,85,Not required,Moderate humidity,6.0,7.5,Any,Any,NDVI white powder,NDMI low,NDRE low,Tillering–Flag leaf,,,,,,,,,6.0,7.5,Any,,Medium,,,,"{""logic"": ""AND"", ""conditions"": [{""field"": ""ndvi"", ""op"": ""<"", ""value"": 0.45}]}",High N + dense canopy; surface mycelium,Apply registered fungicide for this pathogen; improve canopy airflow; remove and destroy infected tissue,Within 1 week
Barley,BARLEY_NET_BLOTCH,Net Blotch,Fungal,Pyrenophora teres,5.0,20.0,28.0,85,99,Rain/dew,Cool wet,6.0,7.5,Any,Any,NDVI net pattern,NDMI high,NDRE low,Tillering–Grain fill,,,,,,,,,6.0,7.5,Any,,High,,,,"{""logic"": ""AND"", ""conditions"": [{""field"": ""ndvi"", ""op"": ""<"", ""value"": 0.45}]}",Seed and stubble-borne; net pattern lesions,Apply registered fungicide for this pathogen; improve canopy airflow; remove and destroy infected tissue,Within 2 days
Barley,BARLEY_SCALD,Scald,Fungal,Rhynchosporium secalis,5.0,15.0,22.0,80,95,Rain splash,Cool wet,6.0,7.5,Any,Any,NDVI scald lesions,NDMI high,NDRE low,Tillering–Flag leaf,,,,,,,,,6.0,7.5,Any,,High,,,,"{""logic"": ""AND"", ""conditions"": [{""field"": ""ndvi"", ""op"": ""<"", ""value"": 0.45}]}",Water-soaked scald marks; cool wet climate,Apply registered fungicide for this pathogen; improve canopy airflow; remove and destroy infected tissue,Within 2 days
Pearl Millet,PEARL_MILLET_DOWNY_MILDEW,Downy Mildew,Fungal/Oomycete,Sclerospora graminicola,20.0,28.0,35.0,90,99,Dew,Warm humid,5.5,7.5,Poor,Any,NDVI white downy,NDMI high,NDRE low,Seedling–V5,,,,,,,,,5.5,7.5,Poor,,Severe,,,,"{""logic"": ""AND"", ""conditions"": [{""field"": ""ndvi"", ""op"": ""<"", ""value"": 0.45}]}",Seed + soil + airborne; green ear symptoms,Apply metalaxyl-based or copper fungicide; improve drainage; avoid overhead irrigation,Today
Pearl Millet,PEARL_MILLET_ERGOT,Ergot,Fungal,Claviceps fusiformis,20.0,27.0,32.0,90,99,Rain at flowering,Wet at anthesis,5.5,7.5,Any,Any,NDVI honeydew exudate,NDMI high,NDRE low,Flowering,,,,,,,,,5.5,7.5,Any,,High,,,,"{""logic"": ""AND"", ""conditions"": [{""field"": ""ndvi"", ""op"": ""<"", ""value"": 0.45}]}",Wet conditions at anthesis; honeydew-then-sclerotium,Apply registered fungicide for this pathogen; improve canopy airflow; remove and destroy infected tissue,Within 2 days
Pearl Millet,PEARL_MILLET_SMUT,Smut,Fungal,Tolyposporium penicillariae,20.0,28.0,35.0,80,90,Soil/seed infection,Warm humid,5.5,7.5,Any,Any,NDVI smutted spikes,NDMI moderate,NDRE low,Heading,,,,,,,,,5.5,7.5,Any,,Medium,,,,"{""logic"": ""AND"", ""conditions"": [{""field"": ""ndvi"", ""op"": ""<"", ""value"": 0.45}]}",Smutted sori replace grains; seed-borne,Apply registered fungicide for this pathogen; improve canopy airflow; remove and destroy infected tissue,Within 1 week
Tomato,TOMATO_LATE_BLIGHT,Late Blight,Fungal/Oomycete,Phytophthora infestans,10.0,18.0,25.0,90,99,10+ hrs,Cool wet,5.5,7.0,Any,Any,NDVI dark lesions,NDMI high,NDRE low,Any,,,,,,,,,5.5,7.0,Any,,Severe,,,,"{""logic"": ""AND"", ""conditions"": [{""field"": ""ndvi"", ""op"": ""<"", ""value"": 0.45}]}",Same pathogen as potato; rapid spread in cool wet,Apply chlorothalonil or cymoxanil immediately; remove and bag affected leaves; do not compost diseased material,Today
Tomato,TOMATO_EARLY_BLIGHT,Early Blight,Fungal,Alternaria solani,24.0,29.0,35.0,80,90,,Warm moderate,5.5,7.0,Any,Any,NDVI concentric rings,NDMI moderate,NDRE low,Any,,,,,,,,,5.5,7.0,Any,,Medium,,,,"{""logic"": ""AND"", ""conditions"": [{""field"": ""ndvi"", ""op"": ""<"", ""value"": 0.45}]}",Target rings; older leaves first; stressed plants,Apply mancozeb or azoxystrobin; stake and prune to improve airflow; mulch to prevent soil splash,Within 3 days
Tomato,TOMATO_TOMATO_YELLOW_LEAF_C,Tomato Yellow Leaf Curl,Viral,TYLCV (Begomovirus),24.0,32.0,38.0,Any,Any,,,,,Any,Any,NDVI leaf curl/yellow,NDMI normal,NDRE low,Any,,,,,,,,,,,Any,,Severe,,,,"{""logic"": ""AND"", ""conditions"": [{""field"": ""ndvi"", ""op"": ""<"", ""value"": 0.45}]}",Whitefly-vectored; no cure; warmer climates expanding,Remove and destroy infected plants; control whitefly with imidacloprid or yellow sticky traps; use resistant variety,Immediately
Tomato,TOMATO_FUSARIUM_CROWN_ROOT_,Fusarium Crown/Root Rot,Fungal,Fusarium oxysporum f.sp. radicis-lycopersici,18.0,25.0,32.0,80,95,Soil moisture,Moderate wet,5.5,7.0,Any,Any,NDVI wilting,NDMI low,NDRE very low,Any,,,,,,,,,5.5,7.0,Any,,High,,,,"{""logic"": ""AND"", ""conditions"": [{""field"": ""ndvi"", ""op"": ""<"", ""value"": 0.45}]}",Brown crown discoloration; cool-warm soils,Apply registered fungicide for this pathogen; improve canopy airflow; remove and destroy infected tissue,Within 2 days
Tomato,TOMATO_BACTERIAL_SPECK,Bacterial Speck,Bacterial,Pseudomonas syringae pv. tomato,15.0,22.0,28.0,90,99,Rain splash,Cool wet,5.5,7.0,Any,Any,NDVI dark specks,NDMI high,NDRE low,Any,,,,,,,,,5.5,7.0,Any,,Medium,,,,"{""logic"": ""AND"", ""conditions"": [{""field"": ""ndvi"", ""op"": ""<"", ""value"": 0.45}]}",Dark water-soaked specks with yellow halo,Apply copper bactericide; avoid overhead irrigation; remove infected leaves; improve air circulation,Within 3 days
Tomato,TOMATO_SPIDER_MITES,Spider Mites,Pest,Tetranychus urticae,22.0,30.0,40.0,<60%,<60%,,Hot dry,,,Any,Any,NDVI stippled bronzing,NDMI very low,NDRE low,Any,,,,,,,,,,,Any,,High,,,,"{""logic"": ""AND"", ""conditions"": [{""field"": ""ndvi"", ""op"": ""<"", ""value"": 0.45}]}",Hot dry conditions; underleaf webbing,Apply abamectin or hexythiazox acaricide; avoid pyrethroid which destroys natural enemies; irrigate to raise humidity,Within 2 days
Onion,ONION_PURPLE_BLOTCH,Purple Blotch,Fungal,Alternaria porri,20.0,27.0,35.0,80,99,Leaf wetness,Warm wet,6.0,7.0,Any,Any,NDVI purple blotches,NDMI high,NDRE low,Any,,,,,,,,,6.0,7.0,Any,,High,,,,"{""logic"": ""AND"", ""conditions"": [{""field"": ""ndvi"", ""op"": ""<"", ""value"": 0.45}]}",Purple water-soaked lesions; warm wet,Apply registered fungicide for this pathogen; improve canopy airflow; remove and destroy infected tissue,Within 2 days
Onion,ONION_DOWNY_MILDEW,Downy Mildew,Fungal/Oomycete,Peronospora destructor,4.0,13.0,22.0,85,99,Dew/rain,Cool wet,6.0,7.0,Any,Any,NDVI grey fuzz,NDMI high,NDRE low,Any,,,,,,,,,6.0,7.0,Any,,High,,,,"{""logic"": ""AND"", ""conditions"": [{""field"": ""ndvi"", ""op"": ""<"", ""value"": 0.45}]}",Cool wet nights; grey sporulation on leaves,Apply metalaxyl-based or copper fungicide; improve drainage; avoid overhead irrigation,Within 2 days
Onion,ONION_THRIPS,Thrips,Pest,Thrips tabaci,18.0,28.0,38.0,<60%,<60%,,Hot dry,,,Any,Any,NDVI silvery streaks,NDMI very low,NDRE low,Any,,,,,,,,,,,Any,,High,,,,"{""logic"": ""AND"", ""conditions"": [{""field"": ""ndvi"", ""op"": ""<"", ""value"": 0.45}]}",Dry hot; silver streaks from feeding; TSWV vector,Scout at early morning or evening; apply targeted insecticide; check for natural enemy activity before spraying,Within 2 days
Pepper,PEPPER_PHYTOPHTHORA_ROOT_RO,Phytophthora Root Rot,Fungal/Oomycete,Phytophthora capsici,18.0,28.0,35.0,90,99,Soil saturation,Warm wet,5.5,7.0,Poor,Any,NDVI wilting/damping,NDMI very high,NDRE very low,Any,,,,,,,,,5.5,7.0,Poor,,Severe,,,,"{""logic"": ""AND"", ""conditions"": [{""field"": ""ndvi"", ""op"": ""<"", ""value"": 0.45}]}",Most destructive pepper disease; poor drainage critical,Apply metalaxyl-based or copper fungicide; improve drainage; avoid overhead irrigation,Today
Pepper,PEPPER_PEPPER_MOTTLE_VIRUS,Pepper Mottle Virus,Viral,PepMoV (Potyvirus),18.0,28.0,35.0,Any,Any,,,,,Any,Any,NDVI mosaic mottle,NDMI normal,NDRE low,Any,,,,,,,,,,,Any,,Medium,,,,"{""logic"": ""AND"", ""conditions"": [{""field"": ""ndvi"", ""op"": ""<"", ""value"": 0.45}]}",Aphid-vectored; warm conditions favor aphid pressure,Remove and destroy infected plants; control insect vector with recommended insecticide; use certified virus-free planting material,Within 1 week
Pepper,PEPPER_ANTHRACNOSE,Anthracnose,Fungal,Colletotrichum spp.,22.0,28.0,32.0,90,99,Rain,Warm wet,5.5,7.5,Any,Any,NDVI sunken fruit lesions,NDMI high,NDRE low,Fruiting,,,,,,,,,5.5,7.5,Any,,High,,,,"{""logic"": ""AND"", ""conditions"": [{""field"": ""ndvi"", ""op"": ""<"", ""value"": 0.45}]}",Sunken orange lesions on fruit; post-harvest too,Apply registered fungicide for this pathogen; improve canopy airflow; remove and destroy infected tissue,Within 2 days
Beans,BEANS_BEAN_COMMON_MOSAIC,Bean Common Mosaic,Viral,BCMV (Potyvirus),20.0,28.0,35.0,Any,Any,,,,,Any,Any,NDVI mosaic/blister,NDMI normal,NDRE low,Any,,,,,,,,,,,Any,,High,,,,"{""logic"": ""AND"", ""conditions"": [{""field"": ""ndvi"", ""op"": ""<"", ""value"": 0.45}]}",Aphid and seed-borne; seed transmission up to 100%,Remove and destroy infected plants; control insect vector with recommended insecticide; use certified virus-free planting material,Within 2 days
Beans,BEANS_ANGULAR_LEAF_SPOT,Angular Leaf Spot,Fungal,Phaeoisariopsis griseola,15.0,24.0,30.0,90,99,Dew/rain,Warm humid,5.5,7.0,Any,Any,NDVI angular spots,NDMI high,NDRE low,Any,,,,,,,,,5.5,7.0,Any,,High,,,,"{""logic"": ""AND"", ""conditions"": [{""field"": ""ndvi"", ""op"": ""<"", ""value"": 0.45}]}",Angular lesions matching leaf veins; pod spots,Apply registered fungicide for this pathogen; improve canopy airflow; remove and destroy infected tissue,Within 2 days
Beans,BEANS_BEAN_RUST,Bean Rust,Fungal,Uromyces appendiculatus,16.0,22.0,28.0,90,99,6+ hrs,Warm humid,5.5,7.0,Any,Any,NDVI rust pustules,NDMI high,NDRE low,Flowering–Pod,,,,,,,,,5.5,7.0,Any,,High,,,,"{""logic"": ""AND"", ""conditions"": [{""field"": ""ndvi"", ""op"": ""<"", ""value"": 0.45}]}",Rust pustules on leaves; warm humid conditions,Apply registered fungicide for this pathogen; improve canopy airflow; remove and destroy infected tissue,Within 2 days
Beans,BEANS_ROOT_ROT_COMPLEX,Root Rot Complex,Fungal,Fusarium/Rhizoctonia/Pythium,15.0,25.0,35.0,80,99,Soil saturation,Wet cool or warm,5.5,7.5,Poor,Any,NDVI stunting,NDMI high,NDRE low,Seedling–V4,,,,,,,,,5.5,7.5,Poor,,High,,,,"{""logic"": ""AND"", ""conditions"": [{""field"": ""ndvi"", ""op"": ""<"", ""value"": 0.45}]}",Poor drainage; seed rotting and damping off,Apply registered fungicide for this pathogen; improve canopy airflow; remove and destroy infected tissue,Within 2 days
Cowpea,COWPEA_COWPEA_MOSAIC_VIRUS,Cowpea Mosaic Virus,Viral,CPMV (Comovirus),25.0,30.0,35.0,Any,Any,,,,,Any,Any,NDVI mosaic,NDMI normal,NDRE low,Any,,,,,,,,,,,Any,,High,,,,"{""logic"": ""AND"", ""conditions"": [{""field"": ""ndvi"", ""op"": ""<"", ""value"": 0.45}]}",Beetle-vectored (Cerotoma spp.); seed-borne,Remove and destroy infected plants; control insect vector with recommended insecticide; use certified virus-free planting material,Within 2 days
Cowpea,COWPEA_CERCOSPORA_LEAF_SPOT,Cercospora Leaf Spot,Fungal,Cercospora canescens,22.0,28.0,35.0,90,99,Wet,Warm humid,5.5,7.5,Any,Any,NDVI round spots,NDMI high,NDRE low,Flowering–Pod,,,,,,,,,5.5,7.5,Any,,Medium,,,,"{""logic"": ""AND"", ""conditions"": [{""field"": ""ndvi"", ""op"": ""<"", ""value"": 0.45}]}",Circular spots with grey centers; warm humid,Apply registered fungicide for this pathogen; improve canopy airflow; remove and destroy infected tissue,Within 1 week
Cowpea,COWPEA_APHIDS,Aphids,Pest,Aphis craccivora,18.0,28.0,35.0,Any,Any,,,,,Any,Any,NDVI curling,NDMI normal,NDRE low,Any,,,,,,,,,,,Any,,High,,,,"{""logic"": ""AND"", ""conditions"": [{""field"": ""ndvi"", ""op"": ""<"", ""value"": 0.45}]}",Dense colonies; virus vector; dry periods increase risk,Scout at early morning or evening; apply targeted insecticide; check for natural enemy activity before spraying,Within 2 days
Chickpea,CHICKPEA_ASCOCHYTA_BLIGHT,Ascochyta Blight,Fungal,Ascochyta rabiei,5.0,20.0,30.0,85,99,Rain splash,Cool wet,6.0,8.0,Any,Any,NDVI dark lesions,NDMI high,NDRE low,Any,,,,,,,,,6.0,8.0,Any,,Severe,,,,"{""logic"": ""AND"", ""conditions"": [{""field"": ""ndvi"", ""op"": ""<"", ""value"": 0.45}]}",Kills plants rapidly; cool wet spread by rain,Apply registered fungicide for this pathogen; improve canopy airflow; remove and destroy infected tissue,Today
Chickpea,CHICKPEA_FUSARIUM_WILT,Fusarium Wilt,Fungal,Fusarium oxysporum f.sp. ciceri,20.0,28.0,35.0,60,80,Soil moisture,Warm moderate,6.0,8.0,Any,Any,NDVI wilting,NDMI low,NDRE very low,Any,,,,,,,,,6.0,8.0,Any,,High,,,,"{""logic"": ""AND"", ""conditions"": [{""field"": ""ndvi"", ""op"": ""<"", ""value"": 0.45}]}",Vascular wilt; warm soils after cool establishment,Apply registered fungicide for this pathogen; improve canopy airflow; remove and destroy infected tissue,Within 2 days
Chickpea,CHICKPEA_POD_BORER,Pod Borer,Pest,Helicoverpa armigera,15.0,28.0,40.0,Any,Any,,,,,Any,Any,NDVI pod/seed damage,NDMI normal,NDRE low,Flowering–Pod fill,,,,,,,,,,,Any,,Severe,,,,"{""logic"": ""AND"", ""conditions"": [{""field"": ""ndvi"", ""op"": ""<"", ""value"": 0.45}]}",Bores into developing seeds; warm conditions,Scout at early morning or evening; apply targeted insecticide; check for natural enemy activity before spraying,Today
Lentil,LENTIL_ASCOCHYTA_BLIGHT,Ascochyta Blight,Fungal,Ascochyta lentis,5.0,20.0,25.0,85,99,Rain splash,Cool wet,6.0,8.0,Any,Any,NDVI tan lesions,NDMI high,NDRE low,Any,,,,,,,,,6.0,8.0,Any,,High,,,,"{""logic"": ""AND"", ""conditions"": [{""field"": ""ndvi"", ""op"": ""<"", ""value"": 0.45}]}",Similar to chickpea blight; seed-borne,Apply registered fungicide for this pathogen; improve canopy airflow; remove and destroy infected tissue,Within 2 days
Lentil,LENTIL_STEMPHYLIUM_BLIGHT,Stemphylium Blight,Fungal,Stemphylium botryosum,20.0,28.0,35.0,80,99,Leaf wetness,Warm wet,6.0,8.0,Any,Any,NDVI dark tip blight,NDMI high,NDRE low,Flowering–Pod,,,,,,,,,6.0,8.0,Any,,High,,,,"{""logic"": ""AND"", ""conditions"": [{""field"": ""ndvi"", ""op"": ""<"", ""value"": 0.45}]}",Chocolate brown tip necrosis; warm wet periods,Apply registered fungicide for this pathogen; improve canopy airflow; remove and destroy infected tissue,Within 2 days
Lentil,LENTIL_RUST,Rust,Fungal,Uromyces viciae-fabae,15.0,22.0,28.0,90,99,Dew,Cool humid,6.0,8.0,Any,Any,NDVI rust pustules,NDMI high,NDRE low,Flowering–Pod,,,,,,,,,6.0,8.0,Any,,Medium,,,,"{""logic"": ""AND"", ""conditions"": [{""field"": ""ndvi"", ""op"": ""<"", ""value"": 0.45}]}",Cool humid; orange pustules on stem+pods,Apply registered fungicide for this pathogen; improve canopy airflow; remove and destroy infected tissue,Within 1 week
Sweet Potato,SWEET_POTATO_SWEET_POTATO_VIRUS_D,Sweet Potato Virus Disease,Viral,SPFMV + SPCSV co-infection,20.0,28.0,35.0,Any,Any,,,,,Any,Any,NDVI severe mosaic,NDMI normal,NDRE low,Any,,,,,,,,,,,Any,,Severe,,,,"{""logic"": ""AND"", ""conditions"": [{""field"": ""ndvi"", ""op"": ""<"", ""value"": 0.45}]}",Whitefly-vectored; co-infection required for severe symptoms,Remove and destroy infected plants; control insect vector with recommended insecticide; use certified virus-free planting material,Today
Sweet Potato,SWEET_POTATO_FUSARIUM_WILT,Fusarium Wilt,Fungal,Fusarium oxysporum f.sp. batatas,22.0,28.0,35.0,70,90,Soil moisture,Warm moderate,5.5,7.5,Any,Any,NDVI wilting,NDMI low,NDRE very low,Any,,,,,,,,,5.5,7.5,Any,,High,,,,"{""logic"": ""AND"", ""conditions"": [{""field"": ""ndvi"", ""op"": ""<"", ""value"": 0.45}]}",Vascular browning; warm soils,Apply registered fungicide for this pathogen; improve canopy airflow; remove and destroy infected tissue,Within 2 days
Sweet Potato,SWEET_POTATO_WEEVIL,Weevil,Pest,Cylas formicarius,20.0,30.0,38.0,Any,Any,,Dry conditions,,,Sandy,Any,NDVI cracked roots,NDMI very low,NDRE normal,Any,,,,,,,,,,,Sandy,,High,,,,"{""logic"": ""AND"", ""conditions"": [{""field"": ""ndvi"", ""op"": ""<"", ""value"": 0.45}]}",Dry conditions crack roots creating entry points,Scout at early morning or evening; apply targeted insecticide; check for natural enemy activity before spraying,Within 2 days
Yam,YAM_YAM_MOSAIC_VIRUS,Yam Mosaic Virus,Viral,YMV (Potyvirus),22.0,28.0,35.0,Any,Any,,,,,Any,Any,NDVI mosaic,NDMI normal,NDRE low,Any,,,,,,,,,,,Any,,High,,,,"{""logic"": ""AND"", ""conditions"": [{""field"": ""ndvi"", ""op"": ""<"", ""value"": 0.45}]}",Aphid-vectored; infected seed yams primary source,Remove and destroy infected plants; control insect vector with recommended insecticide; use certified virus-free planting material,Within 2 days
Yam,YAM_YAM_ANTHRACNOSE,Yam Anthracnose,Fungal,Colletotrichum gloeosporioides,22.0,28.0,35.0,90,99,Rain,Warm wet,5.5,7.5,Any,Any,NDVI dark lesions,NDMI high,NDRE low,Any,,,,,,,,,5.5,7.5,Any,,High,,,,"{""logic"": ""AND"", ""conditions"": [{""field"": ""ndvi"", ""op"": ""<"", ""value"": 0.45}]}",Dark sunken lesions; warm wet; foliar and tuber,Apply registered fungicide for this pathogen; improve canopy airflow; remove and destroy infected tissue,Within 2 days
Yam,YAM_SCALE_INSECT,Scale Insect,Pest,Aspidiella hartii,20.0,28.0,38.0,Any,Any,,Dry,,,Any,Any,NDVI reduced vigor,NDMI low,NDRE low,Tuber storage–Any,,,,,,,,,,,Any,,Medium,,,,"{""logic"": ""AND"", ""conditions"": [{""field"": ""ndvi"", ""op"": ""<"", ""value"": 0.45}]}",Dry conditions; surface feeding on tubers,Scout at early morning or evening; apply targeted insecticide; check for natural enemy activity before spraying,Within 1 week
Coconut,COCONUT_LETHAL_YELLOWING,Lethal Yellowing,Phytoplasma,Candidatus Phytoplasma palmae,22.0,28.0,35.0,Any,Any,,,,,Any,Any,NDVI yellowing/death,NDMI normal,NDRE very low,Any,,,,,,,,,,,Any,,Severe,,,,"{""logic"": ""AND"", ""conditions"": [{""field"": ""ndvi"", ""op"": ""<"", ""value"": 0.45}]}",Planthopper-vectored; no cure; Africa + Caribbean,Destroy infected plants — no cure; control insect vector (leafhopper or planthopper); use clean propagation material,Today
Coconut,COCONUT_BUD_ROT,Bud Rot,Fungal/Oomycete,Phytophthora palmivora,22.0,28.0,35.0,90,99,Rain,Warm wet,5.5,7.5,Poor,Any,NDVI crown death,NDMI very high,NDRE very low,Any,,,,,,,,,5.5,7.5,Poor,,High,,,,"{""logic"": ""AND"", ""conditions"": [{""field"": ""ndvi"", ""op"": ""<"", ""value"": 0.45}]}",Crown rot following wet conditions; fatal,Apply metalaxyl-based or copper fungicide; improve drainage; avoid overhead irrigation,Within 2 days
Coconut,COCONUT_RHINOCEROS_BEETLE,Rhinoceros Beetle,Pest,Oryctes rhinoceros,20.0,28.0,38.0,Any,Any,,,,,Any,Any,NDVI frond damage,NDMI normal,NDRE low,Any,,,,,,,,,,,Any,,High,,,,"{""logic"": ""AND"", ""conditions"": [{""field"": ""ndvi"", ""op"": ""<"", ""value"": 0.45}]}",Bores into crown; decaying organic matter breeding site,Scout at early morning or evening; apply targeted insecticide; check for natural enemy activity before spraying,Within 2 days
Mango,MANGO_ANTHRACNOSE,Anthracnose,Fungal,Colletotrichum gloeosporioides,20.0,28.0,35.0,90,99,Rain/dew,Warm wet,5.5,7.5,Any,Any,NDVI flower/fruit lesions,NDMI high,NDRE low,Flowering–Fruiting,,,,,,,,,5.5,7.5,Any,,High,,,,"{""logic"": ""AND"", ""conditions"": [{""field"": ""ndvi"", ""op"": ""<"", ""value"": 0.45}]}",Dark sunken lesions; post-harvest; warm wet flowering,Apply registered fungicide for this pathogen; improve canopy airflow; remove and destroy infected tissue,Within 2 days
Mango,MANGO_POWDERY_MILDEW,Powdery Mildew,Fungal,Oidium mangiferae,10.0,25.0,35.0,50–80%,50–80%,Not needed,Moderate humidity,5.5,7.5,Any,Any,NDVI white powder,NDMI moderate,NDRE low,Flowering,,,,,,,,,5.5,7.5,Any,,High,,,,"{""logic"": ""AND"", ""conditions"": [{""field"": ""ndvi"", ""op"": ""<"", ""value"": 0.45}]}",White powder on flowers and young leaves; reduces fruit set,Apply registered fungicide for this pathogen; improve canopy airflow; remove and destroy infected tissue,Within 2 days
Mango,MANGO_MANGO_HOPPERS,Mango Hoppers,Pest,Idioscopus clypealis,20.0,30.0,38.0,Any,Any,,,,,Any,Any,NDVI flower drop,NDMI normal,NDRE low,Flowering,,,,,,,,,,,Any,,High,,,,"{""logic"": ""AND"", ""conditions"": [{""field"": ""ndvi"", ""op"": ""<"", ""value"": 0.45}]}",Sucks flower juices; sooty mold follows,Scout at early morning or evening; apply targeted insecticide; check for natural enemy activity before spraying,Within 2 days
Avocado,AVOCADO_ROOT_ROT_PHYTOPHTHOR,Root Rot (Phytophthora),Fungal/Oomycete,Phytophthora cinnamomi,18.0,25.0,30.0,90,99,Soil saturation,Warm wet poor drainage,5.0,7.0,Poor,Any,NDVI decline/death,NDMI very high,NDRE very low,Any,,,,,,,,,5.0,7.0,Poor,,Severe,,,,"{""logic"": ""AND"", ""conditions"": [{""field"": ""ndvi"", ""op"": ""<"", ""value"": 0.45}]}",Most destructive avocado disease; poor drainage essential risk,Apply metalaxyl-based or copper fungicide; improve drainage; avoid overhead irrigation,Today
Avocado,AVOCADO_CERCOSPORA_SPOT,Cercospora Spot,Fungal,Cercospora purpurea,20.0,27.0,35.0,85,99,Leaf wetness,Warm wet,5.0,7.0,Any,Any,NDVI round spots,NDMI high,NDRE low,Any,,,,,,,,,5.0,7.0,Any,,Medium,,,,"{""logic"": ""AND"", ""conditions"": [{""field"": ""ndvi"", ""op"": ""<"", ""value"": 0.45}]}",Purple-edged spots on leaves,Apply registered fungicide for this pathogen; improve canopy airflow; remove and destroy infected tissue,Within 1 week
Avocado,AVOCADO_AVOCADO_THRIPS,Avocado Thrips,Pest,Scirtothrips perseae,18.0,28.0,38.0,<60%,<60%,,Dry,,,Any,Any,NDVI fruit scarring,NDMI low,NDRE low,Fruit set,,,,,,,,,,,Any,,High,,,,"{""logic"": ""AND"", ""conditions"": [{""field"": ""ndvi"", ""op"": ""<"", ""value"": 0.45}]}",Dry conditions; fruit skin scarring,Scout at early morning or evening; apply targeted insecticide; check for natural enemy activity before spraying,Within 2 days
Citrus,CITRUS_CITRUS_GREENING_HLB,Citrus Greening (HLB),Bacterial,Candidatus Liberibacter asiaticus,20.0,28.0,35.0,Any,Any,,,5.5,7.5,Any,Any,NDVI blotchy mottle,NDMI normal,NDRE very low,Any,,,,,,,,,5.5,7.5,Any,,Severe,,,,"{""logic"": ""AND"", ""conditions"": [{""field"": ""ndvi"", ""op"": ""<"", ""value"": 0.45}]}",Psyllid-vectored; no cure; most serious citrus disease,Apply copper-based bactericide; reduce leaf wetness via canopy management; use certified disease-free seed,Today
Citrus,CITRUS_CITRUS_CANKER,Citrus Canker,Bacterial,Xanthomonas axonopodis pv. citri,20.0,30.0,35.0,90,99,Rain+wind,Warm wet,5.5,7.5,Any,Any,NDVI raised corky lesions,NDMI high,NDRE low,Any,,,,,,,,,5.5,7.5,Any,,High,,,,"{""logic"": ""AND"", ""conditions"": [{""field"": ""ndvi"", ""op"": ""<"", ""value"": 0.45}]}",Lesions on fruit+leaves; spread by wind-driven rain,Apply copper-based bactericide; reduce leaf wetness via canopy management; use certified disease-free seed,Within 2 days
Citrus,CITRUS_PHYTOPHTHORA_GUMMOSI,Phytophthora Gummosis,Fungal/Oomycete,Phytophthora parasitica,15.0,25.0,30.0,90,99,Soil saturation,Wet poorly drained,5.5,7.5,Poor,Any,NDVI crown decline,NDMI very high,NDRE very low,Any,,,,,,,,,5.5,7.5,Poor,,High,,,,"{""logic"": ""AND"", ""conditions"": [{""field"": ""ndvi"", ""op"": ""<"", ""value"": 0.45}]}",Gum oozing from bark; flooding/poor drainage,Apply metalaxyl-based or copper fungicide; improve drainage; avoid overhead irrigation,Within 2 days
Citrus,CITRUS_MEDITERRANEAN_FRUIT_,Mediterranean Fruit Fly,Pest,Ceratitis capitata,12.0,25.0,34.0,Any,Any,,,,,Any,Any,NDVI fruit damage,NDMI normal,NDRE normal,Fruiting,,,,,,,,,,,Any,,High,,,,"{""logic"": ""AND"", ""conditions"": [{""field"": ""ndvi"", ""op"": ""<"", ""value"": 0.45}]}",Larval fruit damage; >12°C allows reproduction,Scout at early morning or evening; apply targeted insecticide; check for natural enemy activity before spraying,Within 2 days
Grape,GRAPE_POWDERY_MILDEW,Powdery Mildew,Fungal,Erysiphe necator,6.0,26.0,35.0,<40%,40–100%,Not needed,Low–moderate humidity,5.5,8.0,Any,Any,NDVI white powder,NDMI low,NDRE low,Budbreak–Veraison,,,,,,,,,5.5,8.0,Any,,Severe,,,,"{""logic"": ""AND"", ""conditions"": [{""field"": ""ndvi"", ""op"": ""<"", ""value"": 0.45}]}",Spreads in dry warm conditions; no rain needed,Apply registered fungicide for this pathogen; improve canopy airflow; remove and destroy infected tissue,Today
Grape,GRAPE_DOWNY_MILDEW,Downy Mildew,Fungal/Oomycete,Plasmopara viticola,10.0,22.0,30.0,90,99,Rain (10mm+),Warm wet,5.5,8.0,Any,Any,NDVI oil spots,NDMI high,NDRE low,Budbreak–Veraison,,,,,,,,,5.5,8.0,Any,,Severe,,,,"{""logic"": ""AND"", ""conditions"": [{""field"": ""ndvi"", ""op"": ""<"", ""value"": 0.45}]}",Needs rain+warmth; oospore germination >10°C,Apply metalaxyl-based or copper fungicide; improve drainage; avoid overhead irrigation,Today
Grape,GRAPE_BOTRYTIS_BUNCH_ROT,Botrytis Bunch Rot,Fungal,Botrytis cinerea,15.0,18.0,25.0,90,99,High,Cool wet,5.5,8.0,Any,Any,NDVI grey mold,NDMI high,NDRE low,Flowering–Harvest,,,,,,,,,5.5,8.0,Any,,High,,,,"{""logic"": ""AND"", ""conditions"": [{""field"": ""ndvi"", ""op"": ""<"", ""value"": 0.45}]}",Cool wet; gray mold on fruit; tight bunches risk,Apply registered fungicide for this pathogen; improve canopy airflow; remove and destroy infected tissue,Within 2 days
Grape,GRAPE_PIERCE'S_DISEASE,Pierce's Disease,Bacterial,Xylella fastidiosa,15.0,28.0,35.0,Any,Any,,,,,Any,Any,NDVI leaf scorch,NDMI low,NDRE very low,Any,,,,,,,,,,,Any,,Severe,,,,"{""logic"": ""AND"", ""conditions"": [{""field"": ""ndvi"", ""op"": ""<"", ""value"": 0.45}]}",Leafhopper-vectored; no cure; scalding of leaf margins,Apply copper-based bactericide; reduce leaf wetness via canopy management; use certified disease-free seed,Today
Apple,APPLE_APPLE_SCAB,Apple Scab,Fungal,Venturia inaequalis,6.0,18.0,26.0,90,99,Wetting period,Cool wet,5.0,7.0,Any,Any,NDVI olive-brown scabs,NDMI high,NDRE low,Green tip–Harvest,,,,,,,,,5.0,7.0,Any,,High,,,,"{""logic"": ""AND"", ""conditions"": [{""field"": ""ndvi"", ""op"": ""<"", ""value"": 0.45}]}",Most important apple disease; Mills table for infection,Apply registered fungicide for this pathogen; improve canopy airflow; remove and destroy infected tissue,Within 2 days
Apple,APPLE_FIRE_BLIGHT,Fire Blight,Bacterial,Erwinia amylovora,16.0,24.0,32.0,70,90,Rain/insects,Warm wet blooming,5.5,7.5,Any,Any,NDVI shepherd's crook,NDMI moderate,NDRE very low,Bloom–Summer,,,,,,,,,5.5,7.5,Any,,Severe,,,,"{""logic"": ""AND"", ""conditions"": [{""field"": ""ndvi"", ""op"": ""<"", ""value"": 0.45}]}",Warm wet bloom conditions; moves fast; canker,Apply copper-based bactericide; reduce leaf wetness via canopy management; use certified disease-free seed,Today
Apple,APPLE_POWDERY_MILDEW,Powdery Mildew,Fungal,Podosphaera leucotricha,10.0,21.0,30.0,<70%,<70%,Not needed,Dry moderate,5.5,7.5,Any,Any,NDVI white bud/leaf,NDMI low,NDRE low,Budbreak–Summer,,,,,,,,,5.5,7.5,Any,,Medium,,,,"{""logic"": ""AND"", ""conditions"": [{""field"": ""ndvi"", ""op"": ""<"", ""value"": 0.45}]}",Dry warm; infected buds overwinter,Apply registered fungicide for this pathogen; improve canopy airflow; remove and destroy infected tissue,Within 1 week
Apple,APPLE_CODLING_MOTH,Codling Moth,Pest,Cydia pomonella,10.0,22.0,35.0,Any,Any,,,,,Any,Any,NDVI fruit tunneling,NDMI normal,NDRE normal,Fruit development,,,,,,,,,,,Any,,High,,,,"{""logic"": ""AND"", ""conditions"": [{""field"": ""ndvi"", ""op"": ""<"", ""value"": 0.45}]}",>10°C triggers flights; 250 degree-days = egg hatch,Scout at early morning or evening; apply targeted insecticide; check for natural enemy activity before spraying,Within 2 days
Strawberry,STRAWBERRY_GRAY_MOLD_BOTRYTIS,Gray Mold (Botrytis),Fungal,Botrytis cinerea,15.0,18.0,25.0,90,99,High humidity,Cool wet,5.5,7.0,Any,Any,NDVI grey moldy fruit,NDMI high,NDRE low,Flowering–Harvest,,,,,,,,,5.5,7.0,Any,,High,,,,"{""logic"": ""AND"", ""conditions"": [{""field"": ""ndvi"", ""op"": ""<"", ""value"": 0.45}]}",Cool wet; gray spores on fruit and flowers,Apply registered fungicide for this pathogen; improve canopy airflow; remove and destroy infected tissue,Within 2 days
Strawberry,STRAWBERRY_VERTICILLIUM_WILT,Verticillium Wilt,Fungal,Verticillium dahliae,18.0,22.0,28.0,Any,Any,Soil moisture,Cool soil,5.5,7.0,Any,Any,NDVI marginal scorch,NDMI low,NDRE very low,Any,,,,,,,,,5.5,7.0,Any,,High,,,,"{""logic"": ""AND"", ""conditions"": [{""field"": ""ndvi"", ""op"": ""<"", ""value"": 0.45}]}",Soil-borne; cool soils; previous solanaceous crops,Apply registered fungicide for this pathogen; improve canopy airflow; remove and destroy infected tissue,Within 2 days
Strawberry,STRAWBERRY_SPIDER_MITES,Spider Mites,Pest,Tetranychus urticae,22.0,30.0,40.0,<60%,<60%,,Hot dry,,,Any,Any,NDVI bronzing,NDMI very low,NDRE low,Any,,,,,,,,,,,Any,,High,,,,"{""logic"": ""AND"", ""conditions"": [{""field"": ""ndvi"", ""op"": ""<"", ""value"": 0.45}]}",Hot dry conditions; underleaf webbing and stippling,Scout at early morning or evening; apply targeted insecticide; check for natural enemy activity before spraying,Within 2 days
Watermelon,WATERMELON_GUMMY_STEM_BLIGHT,Gummy Stem Blight,Fungal,Stagonosporopsis cucurbitacearum,18.0,24.0,30.0,85,99,Leaf wetness,Warm wet,5.5,7.5,Any,Any,NDVI stem cankers,NDMI high,NDRE low,Any,,,,,,,,,5.5,7.5,Any,,High,,,,"{""logic"": ""AND"", ""conditions"": [{""field"": ""ndvi"", ""op"": ""<"", ""value"": 0.45}]}",Gummy ooze from stem; seed and soilborne,Apply registered fungicide for this pathogen; improve canopy airflow; remove and destroy infected tissue,Within 2 days
Watermelon,WATERMELON_FUSARIUM_WILT,Fusarium Wilt,Fungal,Fusarium oxysporum f.sp. niveum,20.0,27.0,35.0,70,90,Soil moisture,Warm moderate,5.5,7.0,Sandy,Any,NDVI wilting,NDMI low,NDRE very low,Any,,,,,,,,,5.5,7.0,Sandy,,Severe,,,,"{""logic"": ""AND"", ""conditions"": [{""field"": ""ndvi"", ""op"": ""<"", ""value"": 0.45}]}",Soil-borne; persists 10+ years; sandy soils,Apply registered fungicide for this pathogen; improve canopy airflow; remove and destroy infected tissue,Today
Watermelon,WATERMELON_DOWNY_MILDEW,Downy Mildew,Fungal/Oomycete,Pseudoperonospora cubensis,12.0,20.0,30.0,90,99,Dew/rain,Cool wet,5.5,7.5,Any,Any,NDVI angular spots,NDMI high,NDRE low,Any,,,,,,,,,5.5,7.5,Any,,High,,,,"{""logic"": ""AND"", ""conditions"": [{""field"": ""ndvi"", ""op"": ""<"", ""value"": 0.45}]}",Yellow angular lesions above; purple spores below,Apply metalaxyl-based or copper fungicide; improve drainage; avoid overhead irrigation,Within 2 days
Papaya,PAPAYA_PAPAYA_RINGSPOT_VIRU,Papaya Ringspot Virus,Viral,PRSV (Potyvirus),20.0,30.0,38.0,Any,Any,,,,,Any,Any,NDVI ringspot mosaic,NDMI normal,NDRE low,Any,,,,,,,,,,,Any,,Severe,,,,"{""logic"": ""AND"", ""conditions"": [{""field"": ""ndvi"", ""op"": ""<"", ""value"": 0.45}]}",Aphid-vectored; devastated Hawaii industry; seed not transmitted,Remove and destroy infected plants; control insect vector with recommended insecticide; use certified virus-free planting material,Today
Papaya,PAPAYA_ANTHRACNOSE,Anthracnose,Fungal,Colletotrichum gloeosporioides,20.0,28.0,35.0,90,99,Rain/dew,Warm wet,5.5,7.5,Any,Any,NDVI sunken fruit lesions,NDMI high,NDRE low,Fruiting–Post-harvest,,,,,,,,,5.5,7.5,Any,,High,,,,"{""logic"": ""AND"", ""conditions"": [{""field"": ""ndvi"", ""op"": ""<"", ""value"": 0.45}]}",Post-harvest; dark sunken lesions; warm wet,Apply registered fungicide for this pathogen; improve canopy airflow; remove and destroy infected tissue,Within 2 days
Papaya,PAPAYA_PHYTOPHTHORA_ROOT_RO,Phytophthora Root Rot,Fungal/Oomycete,Phytophthora palmivora,22.0,28.0,35.0,90,99,Waterlogging,Warm wet poor drainage,5.5,7.5,Poor,Any,NDVI crown death,NDMI very high,NDRE very low,Any,,,,,,,,,5.5,7.5,Poor,,Severe,,,,"{""logic"": ""AND"", ""conditions"": [{""field"": ""ndvi"", ""op"": ""<"", ""value"": 0.45}]}",Waterlogging critical; can kill plants within days,Apply metalaxyl-based or copper fungicide; improve drainage; avoid overhead irrigation,Today
Pineapple,PINEAPPLE_HEART_ROT_PHYTOPHTHO,Heart Rot (Phytophthora),Fungal/Oomycete,Phytophthora cinnamomi + P. parasitica,18.0,28.0,35.0,90,99,Soil saturation,Warm wet,4.5,6.5,Poor,Any,NDVI crown collapse,NDMI very high,NDRE very low,Any,,,,,,,,,4.5,6.5,Poor,,High,,,,"{""logic"": ""AND"", ""conditions"": [{""field"": ""ndvi"", ""op"": ""<"", ""value"": 0.45}]}",Poor drainage + flooding; heart turns brown and dies,Apply metalaxyl-based or copper fungicide; improve drainage; avoid overhead irrigation,Within 2 days
Pineapple,PINEAPPLE_MEALYBUG_WILT,Mealybug Wilt,Viral+Pest,PMWaV (virus) + Dysmicoccus mealybugs,20.0,28.0,38.0,Any,Any,,,,,Any,Any,NDVI wilt+pink margins,NDMI low,NDRE low,Any,,,,,,,,,,,Any,,High,,,,"{""logic"": ""AND"", ""conditions"": [{""field"": ""ndvi"", ""op"": ""<"", ""value"": 0.45}]}",Mealybug infestation transmits virus; ant tending mealybugs,Control insect vector urgently; remove infected plants; use certified virus-free planting material,Within 2 days
Cocoa,COCOA_BLACK_POD_PHYTOPHTHO,Black Pod (Phytophthora),Fungal/Oomycete,Phytophthora megakarya + P. palmivora,18.0,26.0,35.0,90,99,Rain,Warm wet,5.5,7.5,Any,Any,NDVI black pods,NDMI very high,NDRE low,Pod development,,,,,,,,,5.5,7.5,Any,,Severe,,,,"{""logic"": ""AND"", ""conditions"": [{""field"": ""ndvi"", ""op"": ""<"", ""value"": 0.45}]}",Causes 30–90% pod loss; rain-splash spread,Apply metalaxyl-based or copper fungicide; improve drainage; avoid overhead irrigation,Today
Cocoa,COCOA_COCOA_SWOLLEN_SHOOT,Cocoa Swollen Shoot,Viral,CSSVD (Badnavirus),20.0,28.0,35.0,Any,Any,,,,,Any,Any,NDVI shoot swelling,NDMI normal,NDRE low,Any,,,,,,,,,,,Any,,Severe,,,,"{""logic"": ""AND"", ""conditions"": [{""field"": ""ndvi"", ""op"": ""<"", ""value"": 0.45}]}",Mealybug-vectored; no cure; West Africa epidemic,Remove and destroy infected plants; control insect vector with recommended insecticide; use certified virus-free planting material,Today
Cocoa,COCOA_COCOA_POD_BORER,Cocoa Pod Borer,Pest,Conopomorpha cramerella,20.0,28.0,35.0,80,90,,,,,Any,Any,NDVI premature ripening,NDMI normal,NDRE low,Pod development,,,,,,,,,,,Any,,Severe,,,,"{""logic"": ""AND"", ""conditions"": [{""field"": ""ndvi"", ""op"": ""<"", ""value"": 0.45}]}",SE Asia major pest; larval tunneling in pod,Scout at early morning or evening; apply targeted insecticide; check for natural enemy activity before spraying,Today
Oil Palm,OIL_PALM_GANODERMA_BASAL_STEM,Ganoderma Basal Stem Rot,Fungal,Ganoderma boninense,22.0,28.0,35.0,90,99,Soil moisture,Wet humid,4.0,6.5,Poor,Any,NDVI frond wilting,NDMI moderate,NDRE very low,Any,,,,,,,,,4.0,6.5,Poor,,Severe,,,,"{""logic"": ""AND"", ""conditions"": [{""field"": ""ndvi"", ""op"": ""<"", ""value"": 0.45}]}",Soil-borne; most serious oil palm disease SE Asia; no cure,Apply registered fungicide for this pathogen; improve canopy airflow; remove and destroy infected tissue,Today
Oil Palm,OIL_PALM_BUNCH_ROT,Bunch Rot,Fungal,Marasmius palmivorus,22.0,28.0,35.0,90,99,Rain,Warm wet,4.0,6.5,Any,Any,NDVI bunch rot,NDMI very high,NDRE low,Fruiting,,,,,,,,,4.0,6.5,Any,,High,,,,"{""logic"": ""AND"", ""conditions"": [{""field"": ""ndvi"", ""op"": ""<"", ""value"": 0.45}]}",White rot on bunches after rain; harvesting damage,Apply registered fungicide for this pathogen; improve canopy airflow; remove and destroy infected tissue,Within 2 days
Rubber,RUBBER_SOUTH_AMERICAN_LEAF_,South American Leaf Blight,Fungal,Microcyclus ulei,20.0,26.0,30.0,90,99,Rain/dew,Warm wet,4.5,6.5,Any,Any,NDVI defoliation,NDMI high,NDRE low,Refoliation,,,,,,,,,4.5,6.5,Any,,Severe,,,,"{""logic"": ""AND"", ""conditions"": [{""field"": ""ndvi"", ""op"": ""<"", ""value"": 0.45}]}",Prevents rubber cultivation in SE Asia native range; quarantine,Apply registered fungicide for this pathogen; improve canopy airflow; remove and destroy infected tissue,Today
Rubber,RUBBER_PHYTOPHTHORA_BARK_RO,Phytophthora Bark Rot,Fungal/Oomycete,Phytophthora palmivora,20.0,28.0,35.0,90,99,Rain on bark,Warm wet,4.5,6.5,Poor,Any,NDVI bark canker,NDMI high,NDRE low,Any,,,,,,,,,4.5,6.5,Poor,,High,,,,"{""logic"": ""AND"", ""conditions"": [{""field"": ""ndvi"", ""op"": ""<"", ""value"": 0.45}]}",Bark panels; wet conditions after tapping,Apply metalaxyl-based or copper fungicide; improve drainage; avoid overhead irrigation,Within 2 days
Tobacco,TOBACCO_BLUE_MOLD,Blue Mold,Fungal/Oomycete,Peronospora tabacina,10.0,18.0,25.0,90,99,Dew/rain,Cool wet,5.5,7.5,Any,Any,NDVI yellow downy,NDMI high,NDRE low,Any,,,,,,,,,5.5,7.5,Any,,Severe,,,,"{""logic"": ""AND"", ""conditions"": [{""field"": ""ndvi"", ""op"": ""<"", ""value"": 0.45}]}",Bluish-gray sporulation; cool wet; rapid epidemic spread,Apply metalaxyl-based or copper fungicide; improve drainage; avoid overhead irrigation,Today
Tobacco,TOBACCO_BLACK_SHANK,Black Shank,Fungal/Oomycete,Phytophthora nicotianae,18.0,25.0,35.0,90,99,Soil saturation,Warm wet,5.5,7.5,Poor,Any,NDVI black stem base,NDMI very high,NDRE very low,Any,,,,,,,,,5.5,7.5,Poor,,High,,,,"{""logic"": ""AND"", ""conditions"": [{""field"": ""ndvi"", ""op"": ""<"", ""value"": 0.45}]}",Black rot at soil line; poor drainage,Apply metalaxyl-based or copper fungicide; improve drainage; avoid overhead irrigation,Within 2 days
Tobacco,TOBACCO_TOBACCO_MOSAIC_VIRUS,Tobacco Mosaic Virus,Viral,TMV (Tobamovirus),15.0,25.0,35.0,Any,Any,,,,,Any,Any,NDVI mosaic,NDMI normal,NDRE low,Any,,,,,,,,,,,Any,,High,,,,"{""logic"": ""AND"", ""conditions"": [{""field"": ""ndvi"", ""op"": ""<"", ""value"": 0.45}]}",Contact-transmitted; mechanically spread; very stable virus,Remove and destroy infected plants; control insect vector with recommended insecticide; use certified virus-free planting material,Within 2 days
Oats,OATS_CROWN_RUST,Crown Rust,Fungal,Puccinia coronata f.sp. avenae,15.0,24.0,30.0,90,99,6+ hrs,Warm humid,6.0,7.5,Any,Any,NDVI orange pustules,NDMI high,NDRE low,Tillering–Grain fill,,,,,,,,,6.0,7.5,Any,,High,,,,"{""logic"": ""AND"", ""conditions"": [{""field"": ""ndvi"", ""op"": ""<"", ""value"": 0.45}]}",Most destructive oat disease; warm humid summer,Apply registered fungicide for this pathogen; improve canopy airflow; remove and destroy infected tissue,Within 2 days
Oats,OATS_SMUT,Smut,Fungal,Ustilago avenae,15.0,20.0,28.0,60,80,Soil/seed infection,Moderate,6.0,7.5,Any,Any,NDVI smutted panicles,NDMI moderate,NDRE low,Heading,,,,,,,,,6.0,7.5,Any,,Medium,,,,"{""logic"": ""AND"", ""conditions"": [{""field"": ""ndvi"", ""op"": ""<"", ""value"": 0.45}]}",Seed-borne; replaces grain with spore mass,Apply registered fungicide for this pathogen; improve canopy airflow; remove and destroy infected tissue,Within 1 week
Rye,RYE_ERGOT,Ergot,Fungal,Claviceps purpurea,12.0,18.0,25.0,90,99,Rain at flowering,Wet cool at anthesis,6.0,7.5,Any,Any,NDVI dark sclerotia,NDMI high,NDRE low,Flowering,,,,,,,,,6.0,7.5,Any,,High,,,,"{""logic"": ""AND"", ""conditions"": [{""field"": ""ndvi"", ""op"": ""<"", ""value"": 0.45}]}",Alkaloid contamination; wet cool at anthesis; mycotoxin risk,Apply registered fungicide for this pathogen; improve canopy airflow; remove and destroy infected tissue,Within 2 days
Rye,RYE_BROWN_RUST,Brown Rust,Fungal,Puccinia recondita,10.0,18.0,28.0,90,99,6+ hrs,Cool humid,6.0,7.5,Any,Any,NDVI orange pustules,NDMI high,NDRE low,Tillering–Heading,,,,,,,,,6.0,7.5,Any,,Medium,,,,"{""logic"": ""AND"", ""conditions"": [{""field"": ""ndvi"", ""op"": ""<"", ""value"": 0.45}]}",Common rust on rye; airborne,Apply registered fungicide for this pathogen; improve canopy airflow; remove and destroy infected tissue,Within 1 week
Cabbage,CABBAGE_DOWNY_MILDEW,Downy Mildew,Fungal/Oomycete,Hyaloperonospora parasitica,7.0,15.0,22.0,90,99,Dew,Cool wet,5.5,7.5,Any,Any,NDVI yellowing,NDMI high,NDRE low,Seedling–Any,,,,,,,,,5.5,7.5,Any,,High,,,,"{""logic"": ""AND"", ""conditions"": [{""field"": ""ndvi"", ""op"": ""<"", ""value"": 0.45}]}",Cool wet nights; purple discoloration underneath,Apply metalaxyl-based or copper fungicide; improve drainage; avoid overhead irrigation,Within 2 days
Cabbage,CABBAGE_CLUBROOT,Clubroot,Fungal/Protist,Plasmodiophora brassicae,18.0,24.0,30.0,90,99,Soil saturation,Warm wet acid soil,4.5,6.5,Poor,Any,NDVI wilting,NDMI high,NDRE low,Any,,,,,,,,,4.5,6.5,Poor,,Severe,,,,"{""logic"": ""AND"", ""conditions"": [{""field"": ""ndvi"", ""op"": ""<"", ""value"": 0.45}]}",Persists 20+ yrs; pH<7.0 + wet soil; swollen roots,Improve drainage; apply liming to raise pH; use resistant variety next season,Today
Cabbage,CABBAGE_DIAMONDBACK_MOTH,Diamondback Moth,Pest,Plutella xylostella,10.0,26.0,38.0,Any,Any,,,,,Any,Any,NDVI window-pane damage,NDMI normal,NDRE low,Any,,,,,,,,,,,Any,,High,,,,"{""logic"": ""AND"", ""conditions"": [{""field"": ""ndvi"", ""op"": ""<"", ""value"": 0.45}]}",Insecticide resistance common; warm dry favors,Scout at early morning or evening; apply targeted insecticide; check for natural enemy activity before spraying,Within 2 days
Carrot,CARROT_ALTERNARIA_LEAF_BLIG,Alternaria Leaf Blight,Fungal,Alternaria dauci,18.0,28.0,35.0,90,99,Leaf wetness,Warm wet,6.0,7.0,Any,Any,NDVI dark tip blight,NDMI high,NDRE low,Any,,,,,,,,,6.0,7.0,Any,,High,,,,"{""logic"": ""AND"", ""conditions"": [{""field"": ""ndvi"", ""op"": ""<"", ""value"": 0.45}]}",Yellow-bordered dark lesions; seed-borne,Apply registered fungicide for this pathogen; improve canopy airflow; remove and destroy infected tissue,Within 2 days
Carrot,CARROT_CAVITY_SPOT,Cavity Spot,Abiotic/Fungal,Pythium spp. + Ca deficiency,8.0,15.0,25.0,90,99,Wet soil,Cool wet,6.0,7.5,Poor,Any,NDVI normal top,NDMI high,NDRE normal,Root development,,,,,,,,,6.0,7.5,Poor,,High,,,,"{""logic"": ""AND"", ""conditions"": [{""field"": ""ndvi"", ""op"": ""<"", ""value"": 0.45}]}",Elliptical pits on roots; cool wet + Ca deficiency,Improve soil drainage; apply appropriate fungicide; address underlying soil condition,Within 2 days
Carrot,CARROT_CARROT_FLY,Carrot Fly,Pest,Psila rosae,10.0,18.0,25.0,Any,Any,,,,,Any,Any,NDVI rust-colored tunnels,NDMI normal,NDRE normal,Seedling–Root fill,,,,,,,,,,,Any,,High,,,,"{""logic"": ""AND"", ""conditions"": [{""field"": ""ndvi"", ""op"": ""<"", ""value"": 0.45}]}",Larvae mine roots; cool coastal conditions,Scout at early morning or evening; apply targeted insecticide; check for natural enemy activity before spraying,Within 2 days
Garlic,GARLIC_WHITE_ROT,White Rot,Fungal,Stromatinia cepivora,10.0,18.0,25.0,60,80,Soil moisture,Cool moderate,5.5,7.5,Any,Any,NDVI yellowing/death,NDMI moderate,NDRE very low,Any,,,,,,,,,5.5,7.5,Any,,Severe,,,,"{""logic"": ""AND"", ""conditions"": [{""field"": ""ndvi"", ""op"": ""<"", ""value"": 0.45}]}",Fluffy white rot at base; sclerotia persist 20+ years,Apply registered fungicide for this pathogen; improve canopy airflow; remove and destroy infected tissue,Today
Garlic,GARLIC_BASAL_ROT_FUSARIUM,Basal Rot (Fusarium),Fungal,Fusarium oxysporum f.sp. cepae,18.0,28.0,35.0,70,90,Soil moisture,Warm moderate,5.5,7.5,Any,Any,NDVI yellowing,NDMI low,NDRE very low,Any,,,,,,,,,5.5,7.5,Any,,High,,,,"{""logic"": ""AND"", ""conditions"": [{""field"": ""ndvi"", ""op"": ""<"", ""value"": 0.45}]}",Pinkish rot at base; warm soils; bulb quality loss,Apply registered fungicide for this pathogen; improve canopy airflow; remove and destroy infected tissue,Within 2 days
Garlic,GARLIC_RUST,Rust,Fungal,Puccinia allii,10.0,17.0,24.0,90,99,Dew,Cool humid,5.5,7.5,Any,Any,NDVI orange pustules,NDMI high,NDRE low,Any,,,,,,,,,5.5,7.5,Any,,Medium,,,,"{""logic"": ""AND"", ""conditions"": [{""field"": ""ndvi"", ""op"": ""<"", ""value"": 0.45}]}",Orange pustules on leaves; cool coastal/highland,Apply registered fungicide for this pathogen; improve canopy airflow; remove and destroy infected tissue,Within 1 week
Ginger,GINGER_SOFT_ROT_PYTHIUM,Soft Rot (Pythium),Fungal/Oomycete,Pythium aphanidermatum,22.0,30.0,38.0,90,99,Waterlogging,Hot wet poorly drained,5.5,7.0,Poor,Any,NDVI rapid collapse,NDMI very high,NDRE very low,Any,,,,,,,,,5.5,7.0,Poor,,Severe,,,,"{""logic"": ""AND"", ""conditions"": [{""field"": ""ndvi"", ""op"": ""<"", ""value"": 0.45}]}",Most destructive ginger disease; waterlogging critical,Apply metalaxyl-based or copper fungicide; improve drainage; avoid overhead irrigation,Today
Ginger,GINGER_BACTERIAL_WILT,Bacterial Wilt,Bacterial,Ralstonia solanacearum,20.0,28.0,35.0,70,90,Soil moisture,Warm moderate,5.5,7.5,Any,Any,NDVI wilting,NDMI low,NDRE very low,Any,,,,,,,,,5.5,7.5,Any,,High,,,,"{""logic"": ""AND"", ""conditions"": [{""field"": ""ndvi"", ""op"": ""<"", ""value"": 0.45}]}",Vascular browning; soil-borne; spreads via water/tools,Apply copper-based bactericide; reduce leaf wetness via canopy management; use certified disease-free seed,Within 2 days
Turmeric,TURMERIC_RHIZOME_ROT,Rhizome Rot,Fungal/Oomycete,Pythium aphanidermatum + Fusarium spp.,22.0,30.0,38.0,90,99,Waterlogging,Hot wet poorly drained,5.0,7.5,Poor,Any,NDVI yellowing/collapse,NDMI very high,NDRE very low,Any,,,,,,,,,5.0,7.5,Poor,,Severe,,,,"{""logic"": ""AND"", ""conditions"": [{""field"": ""ndvi"", ""op"": ""<"", ""value"": 0.45}]}",Waterlogging critical; yellowing starts lower leaves,Apply metalaxyl-based or copper fungicide; improve drainage; avoid overhead irrigation,Today
Turmeric,TURMERIC_LEAF_BLOTCH,Leaf Blotch,Fungal,Taphrina maculans,22.0,28.0,35.0,85,99,Rain/dew,Warm humid,5.0,7.5,Any,Any,NDVI oval blotches,NDMI high,NDRE low,Any,,,,,,,,,5.0,7.5,Any,,Medium,,,,"{""logic"": ""AND"", ""conditions"": [{""field"": ""ndvi"", ""op"": ""<"", ""value"": 0.45}]}",Oval brown blotches; warm humid monsoon conditions,Apply registered fungicide for this pathogen; improve canopy airflow; remove and destroy infected tissue,Within 1 week
Sesame,SESAME_PHYTOPHTHORA_BLIGHT,Phytophthora Blight,Fungal/Oomycete,Phytophthora parasitica,25.0,30.0,38.0,90,99,Waterlogging,Hot wet,5.5,7.5,Poor,Any,NDVI collapse,NDMI very high,NDRE very low,Any,,,,,,,,,5.5,7.5,Poor,,High,,,,"{""logic"": ""AND"", ""conditions"": [{""field"": ""ndvi"", ""op"": ""<"", ""value"": 0.45}]}",Stem blackening and collapse; flooded conditions,Apply metalaxyl-based or copper fungicide; improve drainage; avoid overhead irrigation,Within 2 days
Sesame,SESAME_ALTERNARIA_LEAF_SPOT,Alternaria Leaf Spot,Fungal,Alternaria sesami,22.0,28.0,35.0,80,95,Leaf wetness,Warm wet,5.5,7.5,Any,Any,NDVI circular spots,NDMI high,NDRE low,Any,,,,,,,,,5.5,7.5,Any,,Medium,,,,"{""logic"": ""AND"", ""conditions"": [{""field"": ""ndvi"", ""op"": ""<"", ""value"": 0.45}]}",Dark circular lesions; defoliation in severe cases,Apply registered fungicide for this pathogen; improve canopy airflow; remove and destroy infected tissue,Within 1 week
Lemon,LEMON_TRISTEZA_CTV,Tristeza (CTV),Viral,Citrus tristeza closterovirus,20.0,30.0,38.0,Any,Any,,,,,Any,Any,NDVI decline/stem pitting,NDMI normal,NDRE very low,Any,,,,,,,,,,,Any,,Severe,,,,"{""logic"": ""AND"", ""conditions"": [{""field"": ""ndvi"", ""op"": ""<"", ""value"": 0.45}]}",Aphid-vectored; devastating on sensitive rootstocks,Remove and destroy infected plants; control insect vector with recommended insecticide; use certified virus-free planting material,Today
Lemon,LEMON_ALTERNARIA_BROWN_SPO,Alternaria Brown Spot,Fungal,Alternaria alternata pv. citri,15.0,26.0,32.0,80,99,Rain/dew,Warm moderate,5.5,7.5,Any,Any,NDVI dark fruit spots,NDMI high,NDRE low,Fruiting,,,,,,,,,5.5,7.5,Any,,High,,,,"{""logic"": ""AND"", ""conditions"": [{""field"": ""ndvi"", ""op"": ""<"", ""value"": 0.45}]}",Young tissue susceptible; toxin-mediated; mandarin/lemon specific,Apply registered fungicide for this pathogen; improve canopy airflow; remove and destroy infected tissue,Within 2 days
Okra,OKRA_OKRA_YELLOW_VEIN_MOS,Okra Yellow Vein Mosaic,Viral,OYVMV (Begomovirus),25.0,32.0,38.0,Any,Any,,,,,Any,Any,NDVI yellow vein network,NDMI normal,NDRE low,Any,,,,,,,,,,,Any,,Severe,,,,"{""logic"": ""AND"", ""conditions"": [{""field"": ""ndvi"", ""op"": ""<"", ""value"": 0.45}]}",Whitefly-vectored; most damaging okra disease,Remove and destroy infected plants; control insect vector with recommended insecticide; use certified virus-free planting material,Today
Okra,OKRA_FUSARIUM_WILT,Fusarium Wilt,Fungal,Fusarium oxysporum f.sp. vasinfectum,22.0,28.0,35.0,70,90,Soil moisture,Warm moderate,5.5,7.5,Any,Any,NDVI wilting,NDMI low,NDRE very low,Any,,,,,,,,,5.5,7.5,Any,,High,,,,"{""logic"": ""AND"", ""conditions"": [{""field"": ""ndvi"", ""op"": ""<"", ""value"": 0.45}]}",Vascular browning; warm sandy soils,Apply registered fungicide for this pathogen; improve canopy airflow; remove and destroy infected tissue,Within 2 days
Flax,FLAX_PASMO,Pasmo,Fungal,Septoria linicola,15.0,22.0,28.0,85,99,Rain splash,Cool wet,5.5,7.5,Any,Any,NDVI stem lesions,NDMI high,NDRE low,Any,,,,,,,,,5.5,7.5,Any,,High,,,,"{""logic"": ""AND"", ""conditions"": [{""field"": ""ndvi"", ""op"": ""<"", ""value"": 0.45}]}",Brown blotches on stems; seed-borne + residue-borne,Apply registered fungicide for this pathogen; improve canopy airflow; remove and destroy infected tissue,Within 2 days
Flax,FLAX_RUST,Rust,Fungal,Melampsora lini,10.0,20.0,28.0,90,99,Dew,Cool humid,5.5,7.5,Any,Any,NDVI orange pustules,NDMI high,NDRE low,Flowering–Boll,,,,,,,,,5.5,7.5,Any,,High,,,,"{""logic"": ""AND"", ""conditions"": [{""field"": ""ndvi"", ""op"": ""<"", ""value"": 0.45}]}",Orange pustules; cool humid; multiple races,Apply registered fungicide for this pathogen; improve canopy airflow; remove and destroy infected tissue,Within 2 days
Pigeon Pea,PIGEON_PEA_FUSARIUM_WILT,Fusarium Wilt,Fungal,Fusarium udum,20.0,28.0,35.0,60,80,Soil moisture,Warm moderate,5.5,7.5,Any,Any,NDVI wilting,NDMI low,NDRE very low,Vegetative–Flowering,,,,,,,,,5.5,7.5,Any,,High,,,,"{""logic"": ""AND"", ""conditions"": [{""field"": ""ndvi"", ""op"": ""<"", ""value"": 0.45}]}",Major constraint; soil-borne; warm soils,Apply registered fungicide for this pathogen; improve canopy airflow; remove and destroy infected tissue,Within 2 days
Pigeon Pea,PIGEON_PEA_STERILITY_MOSAIC,Sterility Mosaic,Viral,PPSMV (Emaravirus),20.0,28.0,35.0,Any,Any,,,,,Any,Any,NDVI mosaic/sterile,NDMI normal,NDRE low,Any,,,,,,,,,,,Any,,Severe,,,,"{""logic"": ""AND"", ""conditions"": [{""field"": ""ndvi"", ""op"": ""<"", ""value"": 0.45}]}",Mite-vectored (Aceria cajani); no pods formed,Remove and destroy infected plants; control insect vector with recommended insecticide; use certified virus-free planting material,Today
Faba Bean,FABA_BEAN_CHOCOLATE_SPOT,Chocolate Spot,Fungal,Botrytis fabae,5.0,18.0,25.0,90,99,Dew/rain,Cool wet,6.0,8.0,Any,Any,NDVI chocolate spots,NDMI high,NDRE low,Any,,,,,,,,,6.0,8.0,Any,,High,,,,"{""logic"": ""AND"", ""conditions"": [{""field"": ""ndvi"", ""op"": ""<"", ""value"": 0.45}]}",Chocolate-brown spots; cool wet winters; dense canopy,Apply registered fungicide for this pathogen; improve canopy airflow; remove and destroy infected tissue,Within 2 days
Faba Bean,FABA_BEAN_RUST,Rust,Fungal,Uromyces viciae-fabae,10.0,18.0,26.0,90,99,Dew,Cool humid,6.0,8.0,Any,Any,NDVI rust pustules,NDMI high,NDRE low,Flowering–Pod,,,,,,,,,6.0,8.0,Any,,High,,,,"{""logic"": ""AND"", ""conditions"": [{""field"": ""ndvi"", ""op"": ""<"", ""value"": 0.45}]}",Orange pustules; late season cool wet,Apply registered fungicide for this pathogen; improve canopy airflow; remove and destroy infected tissue,Within 2 days
Faba Bean,FABA_BEAN_BEAN_APHID,Bean Aphid,Pest,Aphis fabae,10.0,18.0,25.0,Any,Any,,,,,Any,Any,NDVI colonized tips,NDMI normal,NDRE low,Vegetative–Flowering,,,,,,,,,,,Any,,High,,,,"{""logic"": ""AND"", ""conditions"": [{""field"": ""ndvi"", ""op"": ""<"", ""value"": 0.45}]}",Black colonies; virus vector; mild winters allow survival,Scout at early morning or evening; apply targeted insecticide; check for natural enemy activity before spraying,Within 2 days
Lettuce,LETTUCE_DOWNY_MILDEW,Downy Mildew,Fungal/Oomycete,Bremia lactucae,5.0,15.0,22.0,90,99,Dew,Cool wet,6.0,7.0,Any,Any,NDVI yellowing,NDMI high,NDRE low,Any,,,,,,,,,6.0,7.0,Any,,High,,,,"{""logic"": ""AND"", ""conditions"": [{""field"": ""ndvi"", ""op"": ""<"", ""value"": 0.45}]}",Cool wet nights; yellow patches above; sporulation below,Apply metalaxyl-based or copper fungicide; improve drainage; avoid overhead irrigation,Within 2 days
Lettuce,LETTUCE_LETTUCE_MOSAIC,Lettuce Mosaic,Viral,LMV (Potyvirus),10.0,20.0,30.0,Any,Any,,,,,Any,Any,NDVI mosaic/stunting,NDMI normal,NDRE low,Any,,,,,,,,,,,Any,,High,,,,"{""logic"": ""AND"", ""conditions"": [{""field"": ""ndvi"", ""op"": ""<"", ""value"": 0.45}]}",Aphid and seed-borne; warm promotes aphid pressure,Remove and destroy infected plants; control insect vector with recommended insecticide; use certified virus-free planting material,Within 2 days
Lettuce,LETTUCE_DROP_SCLEROTINIA,Drop (Sclerotinia),Fungal,Sclerotinia sclerotiorum,10.0,20.0,25.0,90,99,Wet soil,Cool wet,6.0,7.5,Poor,Any,NDVI basal rot,NDMI high,NDRE low,Any,,,,,,,,,6.0,7.5,Poor,,High,,,,"{""logic"": ""AND"", ""conditions"": [{""field"": ""ndvi"", ""op"": ""<"", ""value"": 0.45}]}",Cottony white growth at base; cool wet soil,Apply registered fungicide for this pathogen; improve canopy airflow; remove and destroy infected tissue,Within 2 days
Spinach,SPINACH_DOWNY_MILDEW,Downy Mildew,Fungal/Oomycete,Peronospora farinosa f.sp. spinaciae,5.0,13.0,20.0,90,99,Dew,Cool wet,6.0,7.5,Any,Any,NDVI yellowing,NDMI high,NDRE low,Any,,,,,,,,,6.0,7.5,Any,,High,,,,"{""logic"": ""AND"", ""conditions"": [{""field"": ""ndvi"", ""op"": ""<"", ""value"": 0.45}]}",Cool wet; yellow areas above; gray sporulation below,Apply metalaxyl-based or copper fungicide; improve drainage; avoid overhead irrigation,Within 2 days
Spinach,SPINACH_WHITE_RUST,White Rust,Fungal/Oomycete,Albugo occidentalis,5.0,15.0,22.0,90,99,Dew/rain,Cool wet,6.0,7.5,Any,Any,NDVI white pustules,NDMI high,NDRE low,Any,,,,,,,,,6.0,7.5,Any,,Medium,,,,"{""logic"": ""AND"", ""conditions"": [{""field"": ""ndvi"", ""op"": ""<"", ""value"": 0.45}]}",White blister pustules below leaf; cool wet,Apply metalaxyl-based or copper fungicide; improve drainage; avoid overhead irrigation,Within 1 week
Eggplant,EGGPLANT_PHOMOPSIS_FRUIT_ROT,Phomopsis Fruit Rot,Fungal,Diaporthe vexans,20.0,28.0,35.0,85,99,Rain,Warm wet,5.5,7.0,Any,Any,NDVI fruit rot,NDMI high,NDRE low,Fruiting,,,,,,,,,5.5,7.0,Any,,High,,,,"{""logic"": ""AND"", ""conditions"": [{""field"": ""ndvi"", ""op"": ""<"", ""value"": 0.45}]}",Dark lesions on fruit; seed-borne; warm wet,Apply registered fungicide for this pathogen; improve canopy airflow; remove and destroy infected tissue,Within 2 days
Eggplant,EGGPLANT_BACTERIAL_WILT,Bacterial Wilt,Bacterial,Ralstonia solanacearum,20.0,28.0,35.0,70,90,Soil moisture,Warm moderate,5.5,7.0,Any,Any,NDVI rapid wilt,NDMI low,NDRE very low,Any,,,,,,,,,5.5,7.0,Any,,Severe,,,,"{""logic"": ""AND"", ""conditions"": [{""field"": ""ndvi"", ""op"": ""<"", ""value"": 0.45}]}",Rapid wilting; vascular browning; tropical soils,Apply copper-based bactericide; reduce leaf wetness via canopy management; use certified disease-free seed,Today
Eggplant,EGGPLANT_SHOOT_AND_FRUIT_BORE,Shoot and Fruit Borer,Pest,Leucinodes orbonalis,22.0,30.0,38.0,Any,Any,,,,,Any,Any,NDVI shoot/fruit damage,NDMI normal,NDRE low,Any,,,,,,,,,,,Any,,High,,,,"{""logic"": ""AND"", ""conditions"": [{""field"": ""ndvi"", ""op"": ""<"", ""value"": 0.45}]}",Warm humid; bores shoots and fruits; widespread in Asia,Scout at early morning or evening; apply targeted insecticide; check for natural enemy activity before spraying,Within 2 days
Cucumber,CUCUMBER_POWDERY_MILDEW,Powdery Mildew,Fungal,Podosphaera xanthii,18.0,26.0,35.0,<50%,50–100%,Not needed,Warm moderate,5.5,7.5,Any,Any,NDVI white powder,NDMI low,NDRE low,Any,,,,,,,,,5.5,7.5,Any,,High,,,,"{""logic"": ""AND"", ""conditions"": [{""field"": ""ndvi"", ""op"": ""<"", ""value"": 0.45}]}",Warm dry days + high RH at night; spreads fast,Apply registered fungicide for this pathogen; improve canopy airflow; remove and destroy infected tissue,Within 2 days
Cucumber,CUCUMBER_DOWNY_MILDEW,Downy Mildew,Fungal/Oomycete,Pseudoperonospora cubensis,12.0,18.0,25.0,90,99,Dew/rain,Cool wet,5.5,7.5,Any,Any,NDVI angular yellow,NDMI high,NDRE low,Any,,,,,,,,,5.5,7.5,Any,,High,,,,"{""logic"": ""AND"", ""conditions"": [{""field"": ""ndvi"", ""op"": ""<"", ""value"": 0.45}]}",Angular yellow lesions; spreads rapidly cool wet nights,Apply metalaxyl-based or copper fungicide; improve drainage; avoid overhead irrigation,Within 2 days
Cucumber,CUCUMBER_CUCUMBER_MOSAIC_VIRU,Cucumber Mosaic Virus,Viral,CMV (Cucumovirus),10.0,25.0,35.0,Any,Any,,,,,Any,Any,NDVI mosaic/distortion,NDMI normal,NDRE low,Any,,,,,,,,,,,Any,,High,,,,"{""logic"": ""AND"", ""conditions"": [{""field"": ""ndvi"", ""op"": ""<"", ""value"": 0.45}]}",Aphid-vectored; huge host range; seed-borne in some hosts,Remove and destroy infected plants; control insect vector with recommended insecticide; use certified virus-free planting material,Within 2 days
Squash,SQUASH_SQUASH_VINE_BORER,Squash Vine Borer,Pest,Melittia cucurbitae,18.0,28.0,38.0,Any,Any,,,,,Any,Any,NDVI sudden wilting,NDMI normal,NDRE low,Vine development,,,,,,,,,,,Any,,High,,,,"{""logic"": ""AND"", ""conditions"": [{""field"": ""ndvi"", ""op"": ""<"", ""value"": 0.45}]}",Larval tunneling in stems; temperate N. America,Scout at early morning or evening; apply targeted insecticide; check for natural enemy activity before spraying,Within 2 days
Squash,SQUASH_PHYTOPHTHORA_CROWN_R,Phytophthora Crown Rot,Fungal/Oomycete,Phytophthora capsici,18.0,28.0,35.0,90,99,Waterlogging,Warm wet poorly drained,5.5,7.5,Poor,Any,NDVI rapid crown collapse,NDMI very high,NDRE very low,Any,,,,,,,,,5.5,7.5,Poor,,Severe,,,,"{""logic"": ""AND"", ""conditions"": [{""field"": ""ndvi"", ""op"": ""<"", ""value"": 0.45}]}",Flooding + warm conditions; rapid plant death,Apply metalaxyl-based or copper fungicide; improve drainage; avoid overhead irrigation,Today
Melon,MELON_FUSARIUM_CROWN_ROT,Fusarium Crown Rot,Fungal,Fusarium oxysporum f.sp. melonis,20.0,27.0,35.0,70,90,Soil moisture,Warm moderate,5.5,7.5,Sandy,Any,NDVI wilting,NDMI low,NDRE very low,Any,,,,,,,,,5.5,7.5,Sandy,,High,,,,"{""logic"": ""AND"", ""conditions"": [{""field"": ""ndvi"", ""op"": ""<"", ""value"": 0.45}]}",Soil-borne; vascular browning; sandy warm soils,Apply registered fungicide for this pathogen; improve canopy airflow; remove and destroy infected tissue,Within 2 days
Melon,MELON_GUMMY_STEM_BLIGHT,Gummy Stem Blight,Fungal,Stagonosporopsis cucurbitacearum,18.0,24.0,30.0,85,99,Leaf wetness,Warm wet,5.5,7.5,Any,Any,NDVI stem lesions gummy,NDMI high,NDRE low,Any,,,,,,,,,5.5,7.5,Any,,High,,,,"{""logic"": ""AND"", ""conditions"": [{""field"": ""ndvi"", ""op"": ""<"", ""value"": 0.45}]}",Tan lesions with gummy exudate; warm wet conditions,Apply registered fungicide for this pathogen; improve canopy airflow; remove and destroy infected tissue,Within 2 days
Asparagus,ASPARAGUS_FUSARIUM_CROWN_ROT,Fusarium Crown Rot,Fungal,Fusarium oxysporum f.sp. asparagi,18.0,25.0,32.0,70,90,Soil moisture,Warm moderate,6.0,7.5,Any,Any,NDVI fern decline,NDMI low,NDRE very low,Fern establishment,,,,,,,,,6.0,7.5,Any,,High,,,,"{""logic"": ""AND"", ""conditions"": [{""field"": ""ndvi"", ""op"": ""<"", ""value"": 0.45}]}",Long-term soil-borne buildup; crown rot,Apply registered fungicide for this pathogen; improve canopy airflow; remove and destroy infected tissue,Within 2 days
Asparagus,ASPARAGUS_ASPARAGUS_RUST,Asparagus Rust,Fungal,Puccinia asparagi,15.0,22.0,28.0,90,99,Dew,Cool humid,6.0,7.5,Any,Any,NDVI orange rust,NDMI high,NDRE low,Fern,,,,,,,,,6.0,7.5,Any,,High,,,,"{""logic"": ""AND"", ""conditions"": [{""field"": ""ndvi"", ""op"": ""<"", ""value"": 0.45}]}",Orange pustules on ferns; defoliation reduces yield next year,Apply registered fungicide for this pathogen; improve canopy airflow; remove and destroy infected tissue,Within 2 days
Durum Wheat,DURUM_WHEAT_KARNAL_BUNT,Karnal Bunt,Fungal,Tilletia indica,5.0,20.0,25.0,70,95,Wet at heading,Cool wet anthesis,6.0,8.0,Any,Any,NDVI partial bunting,NDMI high,NDRE low,Heading–Grain fill,,,,,,,,,6.0,8.0,Any,,High,,,,"{""logic"": ""AND"", ""conditions"": [{""field"": ""ndvi"", ""op"": ""<"", ""value"": 0.45}]}",Quarantine pathogen; cool wet flowering; partial grain conversion,Apply registered fungicide for this pathogen; improve canopy airflow; remove and destroy infected tissue,Within 2 days
Durum Wheat,DURUM_WHEAT_LOOSE_SMUT,Loose Smut,Fungal,Ustilago tritici,10.0,20.0,28.0,65,85,Seed infection,Warm moderate at flowering,6.0,7.5,Any,Any,NDVI smutted heads,NDMI moderate,NDRE low,Heading,,,,,,,,,6.0,7.5,Any,,High,,,,"{""logic"": ""AND"", ""conditions"": [{""field"": ""ndvi"", ""op"": ""<"", ""value"": 0.45}]}",Seed-borne; replaces grain with spores; warm at anthesis,Apply registered fungicide for this pathogen; improve canopy airflow; remove and destroy infected tissue,Within 2 days
Triticale,TRITICALE_POWDERY_MILDEW,Powdery Mildew,Fungal,Blumeria graminis,10.0,17.0,25.0,50,85,Not required,Moderate humidity,6.0,7.5,Any,Any,NDVI white powder,NDMI low,NDRE low,Tillering–Flag leaf,,,,,,,,,6.0,7.5,Any,,Medium,,,,"{""logic"": ""AND"", ""conditions"": [{""field"": ""ndvi"", ""op"": ""<"", ""value"": 0.45}]}",Similar to wheat mildew; high N increases risk,Apply registered fungicide for this pathogen; improve canopy airflow; remove and destroy infected tissue,Within 1 week
Triticale,TRITICALE_YELLOW_RUST,Yellow Rust,Fungal,Puccinia striiformis,7.0,15.0,20.0,90,99,Dew,Cool humid,6.0,7.5,Any,Any,NDVI yellow stripes,NDMI high,NDRE low,Tillering–Heading,,,,,,,,,6.0,7.5,Any,,High,,,,"{""logic"": ""AND"", ""conditions"": [{""field"": ""ndvi"", ""op"": ""<"", ""value"": 0.45}]}",Cool highland specialist; serious in triticale,Apply registered fungicide for this pathogen; improve canopy airflow; remove and destroy infected tissue,Within 2 days
Alfalfa,ALFALFA_VERTICILLIUM_WILT,Verticillium Wilt,Fungal,Verticillium alfalfae,18.0,22.0,28.0,60,80,Soil moisture,Cool moderate,6.0,7.5,Any,Any,NDVI wilting,NDMI low,NDRE very low,Any,,,,,,,,,6.0,7.5,Any,,High,,,,"{""logic"": ""AND"", ""conditions"": [{""field"": ""ndvi"", ""op"": ""<"", ""value"": 0.45}]}",Soil-borne; infected crown; yield loss multiple years,Apply registered fungicide for this pathogen; improve canopy airflow; remove and destroy infected tissue,Within 2 days
Alfalfa,ALFALFA_ALFALFA_MOSAIC_VIRUS,Alfalfa Mosaic Virus,Viral,AMV (Alfamovirus),15.0,25.0,35.0,Any,Any,,,,,Any,Any,NDVI mosaic,NDMI normal,NDRE low,Any,,,,,,,,,,,Any,,Medium,,,,"{""logic"": ""AND"", ""conditions"": [{""field"": ""ndvi"", ""op"": ""<"", ""value"": 0.45}]}",Aphid-vectored; seed-borne; yellowing and mosaic,Remove and destroy infected plants; control insect vector with recommended insecticide; use certified virus-free planting material,Within 1 week
Alfalfa,ALFALFA_SCLEROTINIA_CROWN_RO,Sclerotinia Crown Rot,Fungal,Sclerotinia trifoliorum,0.0,10.0,18.0,90,99,Wet,Cool wet winter,6.0,7.5,Poor,Any,NDVI crown death,NDMI high,NDRE very low,Winter–Early spring,,,,,,,,,6.0,7.5,Poor,,High,,,,"{""logic"": ""AND"", ""conditions"": [{""field"": ""ndvi"", ""op"": ""<"", ""value"": 0.45}]}",Cool wet; attacks crown under snow cover,Apply registered fungicide for this pathogen; improve canopy airflow; remove and destroy infected tissue,Within 2 days
Clover,CLOVER_CLOVER_ROT,Clover Rot,Fungal,Sclerotinia trifoliorum,0.0,10.0,18.0,90,99,Wet,Cool wet,6.0,7.5,Poor,Any,NDVI stem rot,NDMI high,NDRE very low,Winter–Spring,,,,,,,,,6.0,7.5,Poor,,High,,,,"{""logic"": ""AND"", ""conditions"": [{""field"": ""ndvi"", ""op"": ""<"", ""value"": 0.45}]}",Same as alfalfa; cool wet conditions under snow,Apply registered fungicide for this pathogen; improve canopy airflow; remove and destroy infected tissue,Within 2 days
Clover,CLOVER_CLOVER_LEAF_SPOT,Clover Leaf Spot,Fungal,Stemphylium sarciniforme,18.0,25.0,32.0,85,99,Leaf wetness,Warm wet,6.0,7.5,Any,Any,NDVI dark spots,NDMI high,NDRE low,Any,,,,,,,,,6.0,7.5,Any,,Medium,,,,"{""logic"": ""AND"", ""conditions"": [{""field"": ""ndvi"", ""op"": ""<"", ""value"": 0.45}]}",Brown spots with dark margins; warm wet summer,Apply registered fungicide for this pathogen; improve canopy airflow; remove and destroy infected tissue,Within 1 week
Safflower,SAFFLOWER_ALTERNARIA_LEAF_SPOT,Alternaria Leaf Spot,Fungal,Alternaria carthami,18.0,26.0,35.0,80,95,Leaf wetness,Warm moderate,6.0,8.0,Any,Any,NDVI circular spots,NDMI high,NDRE low,Any,,,,,,,,,6.0,8.0,Any,,High,,,,"{""logic"": ""AND"", ""conditions"": [{""field"": ""ndvi"", ""op"": ""<"", ""value"": 0.45}]}",Seed-borne; warm moist; circular dark lesions,Apply registered fungicide for this pathogen; improve canopy airflow; remove and destroy infected tissue,Within 2 days
Safflower,SAFFLOWER_PHYTOPHTHORA_ROOT_RO,Phytophthora Root Rot,Fungal/Oomycete,Phytophthora drechsleri,15.0,25.0,32.0,90,99,Waterlogging,Wet cool,6.0,8.0,Poor,Any,NDVI wilting,NDMI very high,NDRE very low,Any,,,,,,,,,6.0,8.0,Poor,,High,,,,"{""logic"": ""AND"", ""conditions"": [{""field"": ""ndvi"", ""op"": ""<"", ""value"": 0.45}]}",Poor drainage; taproot rot; cool wet conditions,Apply metalaxyl-based or copper fungicide; improve drainage; avoid overhead irrigation,Within 2 days
Hemp,HEMP_BOTRYTIS_BUD_ROT,Botrytis Bud Rot,Fungal,Botrytis cinerea,15.0,18.0,25.0,90,99,High humidity,Cool wet,6.0,7.5,Any,Any,NDVI grey mold on buds,NDMI high,NDRE low,Flowering,,,,,,,,,6.0,7.5,Any,,High,,,,"{""logic"": ""AND"", ""conditions"": [{""field"": ""ndvi"", ""op"": ""<"", ""value"": 0.45}]}",Dense humid canopy; cool wet nights; devastating in buds,Apply registered fungicide for this pathogen; improve canopy airflow; remove and destroy infected tissue,Within 2 days
Hemp,HEMP_HEMP_MOSAIC_VIRUS,Hemp Mosaic Virus,Viral,HMV (Tobamovirus-like),15.0,25.0,35.0,Any,Any,,,,,Any,Any,NDVI mosaic,NDMI normal,NDRE low,Any,,,,,,,,,,,Any,,Medium,,,,"{""logic"": ""AND"", ""conditions"": [{""field"": ""ndvi"", ""op"": ""<"", ""value"": 0.45}]}",Contact and mechanically spread,Remove and destroy infected plants; control insect vector with recommended insecticide; use certified virus-free planting material,Within 1 week
Jatropha,JATROPHA_COLLAR_ROT,Collar Rot,Fungal,Macrophomina phaseolina,28.0,35.0,42.0,60,80,Soil dry/hot,Hot dry,5.5,7.5,Sandy,Any,NDVI collar blackening,NDMI very low,NDRE low,Seedling–Juvenile,,,,,,,,,5.5,7.5,Sandy,,High,,,,"{""logic"": ""AND"", ""conditions"": [{""field"": ""ndvi"", ""op"": ""<"", ""value"": 0.45}]}",Hot dry soils; collar blackening and death,Apply registered fungicide for this pathogen; improve canopy airflow; remove and destroy infected tissue,Within 2 days
Jatropha,JATROPHA_MOSAIC_DISEASE,Mosaic Disease,Viral,Jatropha mosaic virus (Begomovirus),22.0,30.0,38.0,Any,Any,,,,,Any,Any,NDVI mosaic/cupping,NDMI normal,NDRE low,Any,,,,,,,,,,,Any,,Medium,,,,"{""logic"": ""AND"", ""conditions"": [{""field"": ""ndvi"", ""op"": ""<"", ""value"": 0.45}]}",Whitefly-vectored; leaf cupping and mosaic,Remove and destroy infected plants; control insect vector with recommended insecticide; use certified virus-free planting material,Within 1 week
Teff,TEFF_HEAD_SMUT,Head Smut,Fungal,Tilletia controversa,10.0,18.0,25.0,80,90,Soil infection,Cool moderate,5.5,7.5,Any,Any,NDVI smutted panicles,NDMI moderate,NDRE low,Heading,,,,,,,,,5.5,7.5,Any,,Medium,,,,"{""logic"": ""AND"", ""conditions"": [{""field"": ""ndvi"", ""op"": ""<"", ""value"": 0.45}]}",Cool soil infection; replaces seeds with spores,Apply registered fungicide for this pathogen; improve canopy airflow; remove and destroy infected tissue,Within 1 week
Teff,TEFF_LEAF_RUST,Leaf Rust,Fungal,Puccinia eragrostidis,15.0,22.0,28.0,90,99,Dew,Cool humid,5.5,7.5,Any,Any,NDVI rust pustules,NDMI high,NDRE low,Tillering–Heading,,,,,,,,,5.5,7.5,Any,,Medium,,,,"{""logic"": ""AND"", ""conditions"": [{""field"": ""ndvi"", ""op"": ""<"", ""value"": 0.45}]}",Orange pustules; endemic to Ethiopian highlands,Apply registered fungicide for this pathogen; improve canopy airflow; remove and destroy infected tissue,Within 1 week
Enset,ENSET_XANTHOMONAS_WILT,Xanthomonas Wilt,Bacterial,Xanthomonas vasicola pv. musacearum,20.0,28.0,35.0,80,95,Tools/insects,Warm humid,5.5,7.5,Any,Any,NDVI wilting/yellowing,NDMI low,NDRE very low,Any,,,,,,,,,5.5,7.5,Any,,Severe,,,,"{""logic"": ""AND"", ""conditions"": [{""field"": ""ndvi"", ""op"": ""<"", ""value"": 0.45}]}",Devastating in Ethiopia; no cure; spread by tools and insects,Apply copper-based bactericide; reduce leaf wetness via canopy management; use certified disease-free seed,Today
Enset,ENSET_ENSET_ROOT_MEALYBUG,Enset Root Mealybug,Pest,Cataenococcus ensete,20.0,28.0,38.0,Any,Any,,Dry,,,Any,Any,NDVI growth reduction,NDMI low,NDRE low,Any,,,,,,,,,,,Any,,Medium,,,,"{""logic"": ""AND"", ""conditions"": [{""field"": ""ndvi"", ""op"": ""<"", ""value"": 0.45}]}",Root colonization; dry periods increase severity,Scout at early morning or evening; apply targeted insecticide; check for natural enemy activity before spraying,Within 1 week
Fonio,FONIO_BLAST,Blast,Fungal,Magnaporthe digitariae,22.0,28.0,35.0,90,99,Dew/rain,Warm humid,5.0,7.0,Any,Any,NDVI blast lesions,NDMI high,NDRE low,Tillering–Heading,,,,,,,,,5.0,7.0,Any,,High,,,,"{""logic"": ""AND"", ""conditions"": [{""field"": ""ndvi"", ""op"": ""<"", ""value"": 0.45}]}",Warm humid West Africa; similar to rice blast,Apply registered fungicide for this pathogen; improve canopy airflow; remove and destroy infected tissue,Within 2 days
Fonio,FONIO_SMUT,Smut,Fungal,Melanopsichium eleusinis,22.0,28.0,35.0,80,90,Seed infection,Warm moderate,5.0,7.0,Any,Any,NDVI smutted panicles,NDMI moderate,NDRE low,Heading,,,,,,,,,5.0,7.0,Any,,Medium,,,,"{""logic"": ""AND"", ""conditions"": [{""field"": ""ndvi"", ""op"": ""<"", ""value"": 0.45}]}",Seed-borne smut; replaces grains,Apply registered fungicide for this pathogen; improve canopy airflow; remove and destroy infected tissue,Within 1 week
Breadfruit,BREADFRUIT_PHYTOPHTHORA_TRUNK_R,Phytophthora Trunk Rot,Fungal/Oomycete,Phytophthora palmivora,20.0,28.0,35.0,90,99,Waterlogging,Warm wet,5.5,7.5,Poor,Any,NDVI crown decline,NDMI very high,NDRE very low,Any,,,,,,,,,5.5,7.5,Poor,,High,,,,"{""logic"": ""AND"", ""conditions"": [{""field"": ""ndvi"", ""op"": ""<"", ""value"": 0.45}]}",Oozing from trunk; poor drainage,Apply metalaxyl-based or copper fungicide; improve drainage; avoid overhead irrigation,Within 2 days
Breadfruit,BREADFRUIT_FRUIT_ROT,Fruit Rot,Fungal,Rhizopus stolonifer,20.0,30.0,38.0,80,95,Wound/rain,Warm wet,5.5,7.5,Any,Any,NDVI pre-harvest rot,NDMI high,NDRE low,Fruiting–Post-harvest,,,,,,,,,5.5,7.5,Any,,High,,,,"{""logic"": ""AND"", ""conditions"": [{""field"": ""ndvi"", ""op"": ""<"", ""value"": 0.45}]}",Wound entry; warm humid post-harvest,Apply registered fungicide for this pathogen; improve canopy airflow; remove and destroy infected tissue,Within 2 days
Durian,DURIAN_PHYTOPHTHORA_ROOT_RO,Phytophthora Root Rot,Fungal/Oomycete,Phytophthora palmivora,20.0,28.0,35.0,90,99,Waterlogging,Warm wet poorly drained,5.0,6.5,Poor,Any,NDVI decline,NDMI very high,NDRE very low,Any,,,,,,,,,5.0,6.5,Poor,,Severe,,,,"{""logic"": ""AND"", ""conditions"": [{""field"": ""ndvi"", ""op"": ""<"", ""value"": 0.45}]}",Poor drainage; collar rot; most serious durian disease,Apply metalaxyl-based or copper fungicide; improve drainage; avoid overhead irrigation,Today
Durian,DURIAN_PATCH_CANKER,Patch Canker,Fungal,Phytophthora palmivora,20.0,28.0,35.0,90,99,Bark moisture,Warm wet,5.0,6.5,Any,Any,NDVI bark lesions,NDMI high,NDRE low,Any,,,,,,,,,5.0,6.5,Any,,High,,,,"{""logic"": ""AND"", ""conditions"": [{""field"": ""ndvi"", ""op"": ""<"", ""value"": 0.45}]}",Bark cracking and oozing; high humidity required,Apply registered fungicide for this pathogen; improve canopy airflow; remove and destroy infected tissue,Within 2 days
Jackfruit,JACKFRUIT_FRUIT_ROT,Fruit Rot,Fungal,Rhizopus artocarpi,20.0,28.0,38.0,90,99,Wound/rain,Warm wet,5.5,7.5,Any,Any,NDVI fruit rot,NDMI high,NDRE low,Fruiting–Post-harvest,,,,,,,,,5.5,7.5,Any,,High,,,,"{""logic"": ""AND"", ""conditions"": [{""field"": ""ndvi"", ""op"": ""<"", ""value"": 0.45}]}",Wound entry; soft rot of fruit,Apply registered fungicide for this pathogen; improve canopy airflow; remove and destroy infected tissue,Within 2 days
Jackfruit,JACKFRUIT_LEAF_SPOT,Leaf Spot,Fungal,Colletotrichum gloeosporioides,20.0,28.0,35.0,90,99,Rain/dew,Warm wet,5.5,7.5,Any,Any,NDVI dark spots,NDMI high,NDRE low,Any,,,,,,,,,5.5,7.5,Any,,Medium,,,,"{""logic"": ""AND"", ""conditions"": [{""field"": ""ndvi"", ""op"": ""<"", ""value"": 0.45}]}",Circular lesions; warm wet humid tropics,Apply registered fungicide for this pathogen; improve canopy airflow; remove and destroy infected tissue,Within 1 week
Rambutan,RAMBUTAN_POWDERY_MILDEW,Powdery Mildew,Fungal,Oidium nephelii,20.0,28.0,35.0,<70%,50–80%,Not needed,Warm moderate,5.5,7.0,Any,Any,NDVI white powder,NDMI low,NDRE low,Flowering–Young fruit,,,,,,,,,5.5,7.0,Any,,High,,,,"{""logic"": ""AND"", ""conditions"": [{""field"": ""ndvi"", ""op"": ""<"", ""value"": 0.45}]}",Warm dry period following wet; common in SE Asia,Apply registered fungicide for this pathogen; improve canopy airflow; remove and destroy infected tissue,Within 2 days
Rambutan,RAMBUTAN_STEM_CANKER,Stem Canker,Fungal,Botryosphaeria sp.,20.0,28.0,35.0,80,95,Wound/rain,Warm wet,5.5,7.0,Any,Any,NDVI canker/die-back,NDMI high,NDRE low,Any,,,,,,,,,5.5,7.0,Any,,Medium,,,,"{""logic"": ""AND"", ""conditions"": [{""field"": ""ndvi"", ""op"": ""<"", ""value"": 0.45}]}",Canker following wounds or pruning; warm wet,Apply registered fungicide for this pathogen; improve canopy airflow; remove and destroy infected tissue,Within 1 week
Coffee Robusta,COFFEE_ROBUSTA_CERCOSPORA_LEAF_SPOT,Cercospora Leaf Spot,Fungal,Cercospora coffeicola,20.0,27.0,35.0,85,99,Leaf wetness,Warm humid,5.5,7.0,Well drained,Any,NDVI brown spots,NDMI high,NDRE low,Any,,,,,,,,,5.5,7.0,Well drained,,High,,,,"{""logic"": ""AND"", ""conditions"": [{""field"": ""ndvi"", ""op"": ""<"", ""value"": 0.45}]}",Brown eye-spot lesions; shade + dense canopy increase risk,Apply registered fungicide for this pathogen; improve canopy airflow; remove and destroy infected tissue,Within 2 days
Coffee Robusta,COFFEE_ROBUSTA_ROOT_KNOT_NEMATODE,Root Knot Nematode,Nematode,Meloidogyne spp.,18.0,27.0,35.0,Any,Any,Soil moisture,Any,5.5,7.0,Sandy,Any,NDVI stunting/yellowing,NDMI low,NDRE low,Any,,,,,,,,,5.5,7.0,Sandy,,High,,,,"{""logic"": ""AND"", ""conditions"": [{""field"": ""ndvi"", ""op"": ""<"", ""value"": 0.45}]}",Root galling; sandy soils; widespread tropical,Collect soil sample for lab confirmation; plan crop rotation away from host for next 3 seasons,Within 2 days
Vanilla,VANILLA_FUSARIUM_ROOT_ROT,Fusarium Root Rot,Fungal,Fusarium oxysporum f.sp. vanillae,20.0,27.0,32.0,80,95,Soil moisture,Warm moderate,5.5,7.0,Poor,Any,NDVI wilting,NDMI low,NDRE very low,Any,,,,,,,,,5.5,7.0,Poor,,Severe,,,,"{""logic"": ""AND"", ""conditions"": [{""field"": ""ndvi"", ""op"": ""<"", ""value"": 0.45}]}",Most serious vanilla disease; soil and stem wounds,Apply registered fungicide for this pathogen; improve canopy airflow; remove and destroy infected tissue,Today
Vanilla,VANILLA_STEM_ROT_PHYTOPHTHOR,Stem Rot (Phytophthora),Fungal/Oomycete,Phytophthora meadii,20.0,27.0,35.0,90,99,Waterlogging,Warm wet,5.5,7.0,Poor,Any,NDVI crown rot,NDMI very high,NDRE very low,Any,,,,,,,,,5.5,7.0,Poor,,High,,,,"{""logic"": ""AND"", ""conditions"": [{""field"": ""ndvi"", ""op"": ""<"", ""value"": 0.45}]}",Water-soaked stem base; flooding conditions,Apply metalaxyl-based or copper fungicide; improve drainage; avoid overhead irrigation,Within 2 days
Black Pepper,BLACK_PEPPER_PHYTOPHTHORA_FOOT_RO,Phytophthora Foot Rot,Fungal/Oomycete,Phytophthora capsici,22.0,28.0,35.0,90,99,Waterlogging,Warm wet poorly drained,5.5,7.0,Poor,Any,NDVI rapid collapse,NDMI very high,NDRE very low,Any,,,,,,,,,5.5,7.0,Poor,,Severe,,,,"{""logic"": ""AND"", ""conditions"": [{""field"": ""ndvi"", ""op"": ""<"", ""value"": 0.45}]}",Quick wilt; devastating; poor drainage critical,Apply metalaxyl-based or copper fungicide; improve drainage; avoid overhead irrigation,Today
Black Pepper,BLACK_PEPPER_ANTHRACNOSE,Anthracnose,Fungal,Colletotrichum capsici,22.0,28.0,35.0,90,99,Rain/dew,Warm wet,5.5,7.0,Any,Any,NDVI spike lesions,NDMI high,NDRE low,Fruiting,,,,,,,,,5.5,7.0,Any,,High,,,,"{""logic"": ""AND"", ""conditions"": [{""field"": ""ndvi"", ""op"": ""<"", ""value"": 0.45}]}",Spike drop; warm humid; fruit and spike lesions,Apply registered fungicide for this pathogen; improve canopy airflow; remove and destroy infected tissue,Within 2 days
Cardamom,CARDAMOM_KATTE_MOSAIC,Katte Mosaic,Viral,Cardamom mosaic virus (CdMV),18.0,25.0,32.0,Any,Any,,,,,Any,Any,NDVI mosaic/stunting,NDMI normal,NDRE low,Any,,,,,,,,,,,Any,,Severe,,,,"{""logic"": ""AND"", ""conditions"": [{""field"": ""ndvi"", ""op"": ""<"", ""value"": 0.45}]}",Aphid-vectored; 'katte' = yellow mosaic; no cure,Remove and destroy infected plants; control insect vector with recommended insecticide; use certified virus-free planting material,Today
Cardamom,CARDAMOM_CAPSULE_ROT_AZHUKAL,Capsule Rot (Azhukal),Fungal/Oomycete,Phytophthora meadii,18.0,25.0,30.0,90,99,Rain,Cool wet,5.5,7.0,Poor,Any,NDVI capsule rot,NDMI high,NDRE low,Fruiting,,,,,,,,,5.5,7.0,Poor,,High,,,,"{""logic"": ""AND"", ""conditions"": [{""field"": ""ndvi"", ""op"": ""<"", ""value"": 0.45}]}",Cool wet; capsule and panicle rot; high elevation,Apply metalaxyl-based or copper fungicide; improve drainage; avoid overhead irrigation,Within 2 days
Cinnamon,CINNAMON_LEAF_BLIGHT,Leaf Blight,Fungal,Colletotrichum gloeosporioides,20.0,28.0,35.0,90,99,Rain,Warm wet,5.0,7.0,Any,Any,NDVI blight lesions,NDMI high,NDRE low,Young flush,,,,,,,,,5.0,7.0,Any,,High,,,,"{""logic"": ""AND"", ""conditions"": [{""field"": ""ndvi"", ""op"": ""<"", ""value"": 0.45}]}",Warm humid; young leaf blight; common in Sri Lanka,Apply registered fungicide for this pathogen; improve canopy airflow; remove and destroy infected tissue,Within 2 days
Cinnamon,CINNAMON_STEM_CANKER,Stem Canker,Fungal,Botryosphaeria sp.,20.0,28.0,35.0,80,95,Wound/rain,Warm wet,5.0,7.0,Any,Any,NDVI canker die-back,NDMI high,NDRE low,Any,,,,,,,,,5.0,7.0,Any,,Medium,,,,"{""logic"": ""AND"", ""conditions"": [{""field"": ""ndvi"", ""op"": ""<"", ""value"": 0.45}]}",Canker following mechanical damage,Apply registered fungicide for this pathogen; improve canopy airflow; remove and destroy infected tissue,Within 1 week
Nutmeg,NUTMEG_THREAD_BLIGHT,Thread Blight,Fungal,Corticium stevensii,20.0,28.0,35.0,90,99,High humidity,Warm wet,5.5,7.5,Any,Any,NDVI die-back threads,NDMI high,NDRE low,Any,,,,,,,,,5.5,7.5,Any,,High,,,,"{""logic"": ""AND"", ""conditions"": [{""field"": ""ndvi"", ""op"": ""<"", ""value"": 0.45}]}",Thread-like mycelial strands; warm humid; shade canopy,Apply registered fungicide for this pathogen; improve canopy airflow; remove and destroy infected tissue,Within 2 days
Nutmeg,NUTMEG_ROOT_ROT,Root Rot,Fungal/Oomycete,Phytophthora cinnamomi,18.0,25.0,32.0,90,99,Waterlogging,Warm wet poorly drained,5.5,7.5,Poor,Any,NDVI crown decline,NDMI very high,NDRE very low,Any,,,,,,,,,5.5,7.5,Poor,,High,,,,"{""logic"": ""AND"", ""conditions"": [{""field"": ""ndvi"", ""op"": ""<"", ""value"": 0.45}]}",Poor drainage; crown and root decline,Apply metalaxyl-based or copper fungicide; improve drainage; avoid overhead irrigation,Within 2 days
Clove,CLOVE_SUDDEN_DEATH,Sudden Death,Fungal,Valsa eugeniae,20.0,28.0,35.0,90,99,Rain,Warm wet,5.5,7.5,Any,Any,NDVI sudden death,NDMI high,NDRE very low,Any,,,,,,,,,5.5,7.5,Any,,Severe,,,,"{""logic"": ""AND"", ""conditions"": [{""field"": ""ndvi"", ""op"": ""<"", ""value"": 0.45}]}",Sudden wilting and death; spread tree-to-tree; Zanzibar epidemic,Apply registered fungicide for this pathogen; improve canopy airflow; remove and destroy infected tissue,Today
Clove,CLOVE_LEAF_RUST,Leaf Rust,Fungal,Uromyces sp.,18.0,25.0,30.0,90,99,Dew,Cool humid,5.5,7.5,Any,Any,NDVI rust pustules,NDMI high,NDRE low,Any,,,,,,,,,5.5,7.5,Any,,Medium,,,,"{""logic"": ""AND"", ""conditions"": [{""field"": ""ndvi"", ""op"": ""<"", ""value"": 0.45}]}",Orange pustules; cool humid periods,Apply registered fungicide for this pathogen; improve canopy airflow; remove and destroy infected tissue,Within 1 week
Moringa,MORINGA_POWDERY_MILDEW,Powdery Mildew,Fungal,Oidium morindae,20.0,28.0,38.0,<70%,50–80%,Not needed,Warm dry,6.0,8.0,Any,Any,NDVI white powder,NDMI low,NDRE low,Any,,,,,,,,,6.0,8.0,Any,,Medium,,,,"{""logic"": ""AND"", ""conditions"": [{""field"": ""ndvi"", ""op"": ""<"", ""value"": 0.45}]}",Warm dry conditions; white powder on leaves,Apply registered fungicide for this pathogen; improve canopy airflow; remove and destroy infected tissue,Within 1 week
Moringa,MORINGA_DAMPING_OFF,Damping Off,Fungal/Oomycete,Pythium aphanidermatum,22.0,30.0,38.0,90,99,Waterlogging,Hot wet poorly drained,6.0,8.0,Poor,Any,NDVI seedling collapse,NDMI very high,NDRE very low,Seedling,,,,,,,,,6.0,8.0,Poor,,Medium,,,,"{""logic"": ""AND"", ""conditions"": [{""field"": ""ndvi"", ""op"": ""<"", ""value"": 0.45}]}",Seedling death at soil line; hot wet soils,Apply metalaxyl-based or copper fungicide; improve drainage; avoid overhead irrigation,Within 1 week
Neem,NEEM_LEAF_SPOT,Leaf Spot,Fungal,Cercospora sp.,22.0,30.0,38.0,80,95,Leaf wetness,Warm humid,6.0,8.5,Any,Any,NDVI circular spots,NDMI high,NDRE low,Any,,,,,,,,,6.0,8.5,Any,,Low,,,,"{""logic"": ""AND"", ""conditions"": [{""field"": ""ndvi"", ""op"": ""<"", ""value"": 0.45}]}",Generally minor; warm humid monsoon conditions,Apply registered fungicide for this pathogen; improve canopy airflow; remove and destroy infected tissue,This season
Neem,NEEM_TWIG_BLIGHT,Twig Blight,Fungal,Botryodiplodia theobromae,25.0,32.0,40.0,80,95,Wound/rain,Hot wet,6.0,8.5,Any,Any,NDVI die-back,NDMI high,NDRE low,Any,,,,,,,,,6.0,8.5,Any,,Medium,,,,"{""logic"": ""AND"", ""conditions"": [{""field"": ""ndvi"", ""op"": ""<"", ""value"": 0.45}]}",Follows drought stress or mechanical damage; hot wet,Apply registered fungicide for this pathogen; improve canopy airflow; remove and destroy infected tissue,Within 1 week
Bamboo,BAMBOO_WITCHES_BROOM,Witches Broom,Phytoplasma,Candidatus Phytoplasma,20.0,28.0,35.0,Any,Any,,,,,Any,Any,NDVI broom proliferation,NDMI normal,NDRE low,Any,,,,,,,,,,,Any,,Medium,,,,"{""logic"": ""AND"", ""conditions"": [{""field"": ""ndvi"", ""op"": ""<"", ""value"": 0.45}]}",Leafhopper-vectored; shoot proliferation; broom-like growth,Destroy infected plants — no cure; control insect vector (leafhopper or planthopper); use clean propagation material,Within 1 week
Bamboo,BAMBOO_POWDERY_MILDEW,Powdery Mildew,Fungal,Erysiphe bambusae,15.0,22.0,28.0,<60%,50–80%,Not needed,Moderate,5.5,7.5,Any,Any,NDVI white powder,NDMI low,NDRE low,Any,,,,,,,,,5.5,7.5,Any,,Low,,,,"{""logic"": ""AND"", ""conditions"": [{""field"": ""ndvi"", ""op"": ""<"", ""value"": 0.45}]}",Dry moderate conditions; minor in most regions,Apply registered fungicide for this pathogen; improve canopy airflow; remove and destroy infected tissue,This season
Quinoa,QUINOA_DOWNY_MILDEW,Downy Mildew,Fungal/Oomycete,Peronospora variabilis,5.0,15.0,22.0,90,99,Dew,Cool wet,6.0,8.5,Any,Any,NDVI yellow patches,NDMI high,NDRE low,Any,,,,,,,,,6.0,8.5,Any,,High,,,,"{""logic"": ""AND"", ""conditions"": [{""field"": ""ndvi"", ""op"": ""<"", ""value"": 0.45}]}",Cool humid Andean highlands; yellow patches; serious threat,Apply metalaxyl-based or copper fungicide; improve drainage; avoid overhead irrigation,Within 2 days
Quinoa,QUINOA_QUINOA_MOTH,Quinoa Moth,Pest,Eurysacca quinoae,10.0,20.0,28.0,Any,Any,,,,,Any,Any,NDVI panicle damage,NDMI normal,NDRE low,Heading–Grain fill,,,,,,,,,,,Any,,High,,,,"{""logic"": ""AND"", ""conditions"": [{""field"": ""ndvi"", ""op"": ""<"", ""value"": 0.45}]}",Larval feeding on panicle; major pest in Andes,Scout at early morning or evening; apply targeted insecticide; check for natural enemy activity before spraying,Within 2 days
Amaranth,AMARANTH_DAMPING_OFF,Damping Off,Fungal,Pythium sp.,15.0,25.0,35.0,90,99,Wet soil,Warm wet,5.5,7.5,Poor,Any,NDVI seedling collapse,NDMI very high,NDRE very low,Seedling,,,,,,,,,5.5,7.5,Poor,,Medium,,,,"{""logic"": ""AND"", ""conditions"": [{""field"": ""ndvi"", ""op"": ""<"", ""value"": 0.45}]}",Wet soil at seedling stage,Apply registered fungicide for this pathogen; improve canopy airflow; remove and destroy infected tissue,Within 1 week
Amaranth,AMARANTH_ROOT_KNOT_NEMATODE,Root Knot Nematode,Nematode,Meloidogyne incognita,18.0,27.0,35.0,Any,Any,Soil moisture,Warm moderate,5.5,7.5,Sandy,Any,NDVI stunting,NDMI low,NDRE low,Any,,,,,,,,,5.5,7.5,Sandy,,Medium,,,,"{""logic"": ""AND"", ""conditions"": [{""field"": ""ndvi"", ""op"": ""<"", ""value"": 0.45}]}",Root galling; sandy warm soils,Collect soil sample for lab confirmation; plan crop rotation away from host for next 3 seasons,Within 1 week
Jute,JUTE_STEM_ROT,Stem Rot,Fungal,Macrophomina phaseolina,28.0,35.0,42.0,60,80,Dry hot soil,Hot dry,5.5,7.5,Sandy,Any,NDVI sudden death,NDMI very low,NDRE very low,Any,,,,,,,,,5.5,7.5,Sandy,,High,,,,"{""logic"": ""AND"", ""conditions"": [{""field"": ""ndvi"", ""op"": ""<"", ""value"": 0.45}]}",Hot dry conditions; ashy grey stem; charcoal rot,Apply registered fungicide for this pathogen; improve canopy airflow; remove and destroy infected tissue,Within 2 days
Jute,JUTE_ANTHRACNOSE,Anthracnose,Fungal,Colletotrichum corchori,22.0,28.0,35.0,90,99,Rain,Warm wet,5.5,7.5,Any,Any,NDVI dark stem lesions,NDMI high,NDRE low,Any,,,,,,,,,5.5,7.5,Any,,High,,,,"{""logic"": ""AND"", ""conditions"": [{""field"": ""ndvi"", ""op"": ""<"", ""value"": 0.45}]}",Dark sunken lesions; waterlogging + wounds increase risk,Apply registered fungicide for this pathogen; improve canopy airflow; remove and destroy infected tissue,Within 2 days
Sisal,SISAL_ZEBRA_DISEASE,Zebra Disease,Bacterial,Erwinia carotovora,22.0,30.0,38.0,70,90,Wound/rain,Warm moderate,6.0,8.0,Any,Any,NDVI striped leaf rot,NDMI moderate,NDRE low,Any,,,,,,,,,6.0,8.0,Any,,High,,,,"{""logic"": ""AND"", ""conditions"": [{""field"": ""ndvi"", ""op"": ""<"", ""value"": 0.45}]}",Striped rot following mechanical harvest wounds,Apply copper-based bactericide; reduce leaf wetness via canopy management; use certified disease-free seed,Within 2 days
Sisal,SISAL_BOLE_ROT,Bole Rot,Fungal/Oomycete,Phytophthora sp.,20.0,28.0,35.0,90,99,Waterlogging,Warm wet,6.0,8.0,Poor,Any,NDVI crown collapse,NDMI very high,NDRE very low,Any,,,,,,,,,6.0,8.0,Poor,,High,,,,"{""logic"": ""AND"", ""conditions"": [{""field"": ""ndvi"", ""op"": ""<"", ""value"": 0.45}]}",Poor drainage; bole becomes soft and rotten,Apply metalaxyl-based or copper fungicide; improve drainage; avoid overhead irrigation,Within 2 days
Kenaf,KENAF_PHYTOPHTHORA_STEM_RO,Phytophthora Stem Rot,Fungal/Oomycete,Phytophthora parasitica,22.0,28.0,35.0,90,99,Waterlogging,Warm wet,5.5,7.5,Poor,Any,NDVI stem blackening,NDMI very high,NDRE very low,Any,,,,,,,,,5.5,7.5,Poor,,High,,,,"{""logic"": ""AND"", ""conditions"": [{""field"": ""ndvi"", ""op"": ""<"", ""value"": 0.45}]}",Flooding + warm conditions; stem base blackens,Apply metalaxyl-based or copper fungicide; improve drainage; avoid overhead irrigation,Within 2 days
Kenaf,KENAF_POWDERY_MILDEW,Powdery Mildew,Fungal,Erysiphe sp.,18.0,26.0,35.0,<70%,50–80%,Not needed,Warm moderate,5.5,7.5,Any,Any,NDVI white powder,NDMI low,NDRE low,Any,,,,,,,,,5.5,7.5,Any,,Medium,,,,"{""logic"": ""AND"", ""conditions"": [{""field"": ""ndvi"", ""op"": ""<"", ""value"": 0.45}]}",Common in dry conditions; white coating on leaves,Apply registered fungicide for this pathogen; improve canopy airflow; remove and destroy infected tissue,Within 1 week
Plantain,PLANTAIN_BLACK_SIGATOKA,Black Sigatoka,Fungal,Mycosphaerella fijiensis,20.0,27.0,35.0,90,99,Rain,Wet humid,5.5,7.5,Any,Any,NDVI black leaf streaks,NDMI high,NDRE low,Any,,,,,,,,,5.5,7.5,Any,,Severe,,,,"{""logic"": ""AND"", ""conditions"": [{""field"": ""ndvi"", ""op"": ""<"", ""value"": 0.45}]}",Same as banana; premature leaf death; humid tropics,Apply registered fungicide for this pathogen; improve canopy airflow; remove and destroy infected tissue,Today
Plantain,PLANTAIN_WEEVIL_BANANA,Weevil (Banana),Pest,Cosmopolites sordidus,20.0,28.0,38.0,Any,Any,,Moderate,,,Any,Any,NDVI corm tunneling,NDMI normal,NDRE low,Any,,,,,,,,,,,Any,,High,,,,"{""logic"": ""AND"", ""conditions"": [{""field"": ""ndvi"", ""op"": ""<"", ""value"": 0.45}]}",Corm tunneling reduces plant vigor; moist soils,Scout at early morning or evening; apply targeted insecticide; check for natural enemy activity before spraying,Within 2 days
Passionfruit,PASSIONFRUIT_WOODINESS_VIRUS,Woodiness Virus,Viral,PWV (Potyvirus),18.0,25.0,32.0,Any,Any,,,,,Any,Any,NDVI mosaic/woodiness,NDMI normal,NDRE low,Any,,,,,,,,,,,Any,,High,,,,"{""logic"": ""AND"", ""conditions"": [{""field"": ""ndvi"", ""op"": ""<"", ""value"": 0.45}]}",Aphid-vectored; fruit becomes small and woody,Remove and destroy infected plants; control insect vector with recommended insecticide; use certified virus-free planting material,Within 2 days
Passionfruit,PASSIONFRUIT_PHYTOPHTHORA_COLLAR_,Phytophthora Collar Rot,Fungal/Oomycete,Phytophthora cinnamomi,15.0,24.0,30.0,90,99,Waterlogging,Warm wet poorly drained,5.5,7.5,Poor,Any,NDVI sudden decline,NDMI very high,NDRE very low,Any,,,,,,,,,5.5,7.5,Poor,,Severe,,,,"{""logic"": ""AND"", ""conditions"": [{""field"": ""ndvi"", ""op"": ""<"", ""value"": 0.45}]}",Rapid vine death; poor drainage on slopes,Apply metalaxyl-based or copper fungicide; improve drainage; avoid overhead irrigation,Today
Guava,GUAVA_ANTHRACNOSE,Anthracnose,Fungal,Colletotrichum gloeosporioides,20.0,28.0,35.0,90,99,Rain/dew,Warm wet,5.0,7.5,Any,Any,NDVI dark fruit lesions,NDMI high,NDRE low,Fruiting,,,,,,,,,5.0,7.5,Any,,High,,,,"{""logic"": ""AND"", ""conditions"": [{""field"": ""ndvi"", ""op"": ""<"", ""value"": 0.45}]}",Dark sunken lesions on fruit; warm wet,Apply registered fungicide for this pathogen; improve canopy airflow; remove and destroy infected tissue,Within 2 days
Guava,GUAVA_WILT_FUSARIUM,Wilt (Fusarium),Fungal,Fusarium oxysporum f.sp. psidii,22.0,28.0,35.0,70,90,Soil moisture,Warm moderate,5.0,7.5,Any,Any,NDVI wilting/death,NDMI low,NDRE very low,Any,,,,,,,,,5.0,7.5,Any,,High,,,,"{""logic"": ""AND"", ""conditions"": [{""field"": ""ndvi"", ""op"": ""<"", ""value"": 0.45}]}",Vascular wilt; soil-borne; warm soils,Apply registered fungicide for this pathogen; improve canopy airflow; remove and destroy infected tissue,Within 2 days
Lychee,LYCHEE_ANTHRACNOSE,Anthracnose,Fungal,Colletotrichum gloeosporioides,18.0,26.0,35.0,90,99,Rain,Warm wet,5.5,7.0,Any,Any,NDVI fruit/flower lesions,NDMI high,NDRE low,Flowering–Fruiting,,,,,,,,,5.5,7.0,Any,,High,,,,"{""logic"": ""AND"", ""conditions"": [{""field"": ""ndvi"", ""op"": ""<"", ""value"": 0.45}]}",Warm wet at flowering; fruit and flower rot,Apply registered fungicide for this pathogen; improve canopy airflow; remove and destroy infected tissue,Within 2 days
Lychee,LYCHEE_ERINOSE_MITE,Erinose Mite,Pest,Aceria litchii,18.0,28.0,38.0,Any,Any,,,,,Any,Any,NDVI leaf deformation,NDMI normal,NDRE low,Young flush,,,,,,,,,,,Any,,High,,,,"{""logic"": ""AND"", ""conditions"": [{""field"": ""ndvi"", ""op"": ""<"", ""value"": 0.45}]}",Velvety galls on young leaves; year-round in tropics,Scout at early morning or evening; apply targeted insecticide; check for natural enemy activity before spraying,Within 2 days
Longan,LONGAN_ANTHRACNOSE,Anthracnose,Fungal,Colletotrichum gloeosporioides,20.0,28.0,35.0,90,99,Rain/dew,Warm wet,5.5,7.0,Any,Any,NDVI fruit lesions,NDMI high,NDRE low,Fruiting,,,,,,,,,5.5,7.0,Any,,High,,,,"{""logic"": ""AND"", ""conditions"": [{""field"": ""ndvi"", ""op"": ""<"", ""value"": 0.45}]}",Warm wet at fruiting; similar to lychee anthracnose,Apply registered fungicide for this pathogen; improve canopy airflow; remove and destroy infected tissue,Within 2 days
Longan,LONGAN_WITCH'S_BROOM,Witch's Broom,Phytoplasma,Candidatus Phytoplasma,20.0,28.0,35.0,Any,Any,,,,,Any,Any,NDVI broom growth,NDMI normal,NDRE low,Any,,,,,,,,,,,Any,,Severe,,,,"{""logic"": ""AND"", ""conditions"": [{""field"": ""ndvi"", ""op"": ""<"", ""value"": 0.45}]}",Leafhopper-vectored; small leaves and flowers; Taiwan epidemic,Destroy infected plants — no cure; control insect vector (leafhopper or planthopper); use clean propagation material,Today
Mangosteen,MANGOSTEEN_GAMBOGE,Gamboge,Abiotic/Fungal,Boron deficiency + Phytophthora,22.0,28.0,35.0,90,99,Soil saturation,Warm wet,4.5,6.5,Poor,Any,NDVI gummy exudate,NDMI very high,NDRE low,Fruiting,,,,,,,,,4.5,6.5,Poor,,High,,,,"{""logic"": ""AND"", ""conditions"": [{""field"": ""ndvi"", ""op"": ""<"", ""value"": 0.45}]}",Yellow gummy exudate; poor drainage + B deficiency,Improve soil drainage; apply appropriate fungicide; address underlying soil condition,Within 2 days
Mangosteen,MANGOSTEEN_THREAD_BLIGHT,Thread Blight,Fungal,Pellicularia koleroga,22.0,28.0,35.0,90,99,High humidity,Warm very humid,4.5,6.5,Any,Any,NDVI die-back threads,NDMI high,NDRE low,Any,,,,,,,,,4.5,6.5,Any,,Medium,,,,"{""logic"": ""AND"", ""conditions"": [{""field"": ""ndvi"", ""op"": ""<"", ""value"": 0.45}]}",Thread-like mycelium; warm very humid; shade promotes,Apply registered fungicide for this pathogen; improve canopy airflow; remove and destroy infected tissue,Within 1 week
Dragonfruit,DRAGONFRUIT_STEM_CANKER,Stem Canker,Fungal,Botryosphaeria dothidea,22.0,30.0,38.0,80,95,Wound/rain,Warm wet,6.0,7.5,Any,Any,NDVI stem brown canker,NDMI high,NDRE low,Any,,,,,,,,,6.0,7.5,Any,,High,,,,"{""logic"": ""AND"", ""conditions"": [{""field"": ""ndvi"", ""op"": ""<"", ""value"": 0.45}]}",Follows wounds or sunburn; warm wet conditions,Apply registered fungicide for this pathogen; improve canopy airflow; remove and destroy infected tissue,Within 2 days
Dragonfruit,DRAGONFRUIT_ANTHRACNOSE,Anthracnose,Fungal,Colletotrichum gloeosporioides,22.0,28.0,35.0,90,99,Rain,Warm wet,6.0,7.5,Any,Any,NDVI dark fruit spots,NDMI high,NDRE low,Fruiting,,,,,,,,,6.0,7.5,Any,,High,,,,"{""logic"": ""AND"", ""conditions"": [{""field"": ""ndvi"", ""op"": ""<"", ""value"": 0.45}]}",Dark sunken lesions; fruit quality loss; post-harvest,Apply registered fungicide for this pathogen; improve canopy airflow; remove and destroy infected tissue,Within 2 days
Starfruit,STARFRUIT_CERCOSPORA_LEAF_SPOT,Cercospora Leaf Spot,Fungal,Cercospora averrhoa,22.0,28.0,35.0,85,99,Leaf wetness,Warm humid,5.5,7.5,Any,Any,NDVI angular spots,NDMI high,NDRE low,Any,,,,,,,,,5.5,7.5,Any,,Medium,,,,"{""logic"": ""AND"", ""conditions"": [{""field"": ""ndvi"", ""op"": ""<"", ""value"": 0.45}]}",Angular brown spots; warm humid tropical conditions,Apply registered fungicide for this pathogen; improve canopy airflow; remove and destroy infected tissue,Within 1 week
Starfruit,STARFRUIT_FRUIT_FLY,Fruit Fly,Pest,Bactrocera carambolae,18.0,28.0,38.0,Any,Any,,,,,Any,Any,NDVI fruit damage,NDMI normal,NDRE normal,Fruiting,,,,,,,,,,,Any,,High,,,,"{""logic"": ""AND"", ""conditions"": [{""field"": ""ndvi"", ""op"": ""<"", ""value"": 0.45}]}",Larval fruit damage; tropical; quarantine pest,Scout at early morning or evening; apply targeted insecticide; check for natural enemy activity before spraying,Within 2 days
Tamarind,TAMARIND_POWDERY_MILDEW,Powdery Mildew,Fungal,Oidium tamarindi,18.0,28.0,38.0,<70%,50–80%,Not needed,Warm dry,6.0,9.0,Any,Any,NDVI white powder,NDMI low,NDRE low,Young flush,,,,,,,,,6.0,9.0,Any,,Medium,,,,"{""logic"": ""AND"", ""conditions"": [{""field"": ""ndvi"", ""op"": ""<"", ""value"": 0.45}]}",Warm dry; common on young leaves in tropics,Apply registered fungicide for this pathogen; improve canopy airflow; remove and destroy infected tissue,Within 1 week
Tamarind,TAMARIND_LEAF_WEBBER,Leaf Webber,Pest,Hypsipyla robusta,22.0,30.0,38.0,Any,Any,,,,,Any,Any,NDVI webbed leaves,NDMI normal,NDRE low,Any,,,,,,,,,,,Any,,Medium,,,,"{""logic"": ""AND"", ""conditions"": [{""field"": ""ndvi"", ""op"": ""<"", ""value"": 0.45}]}",Larvae web and eat young leaves; warm humid,Scout at early morning or evening; apply targeted insecticide; check for natural enemy activity before spraying,Within 1 week
Khat,KHAT_POWDERY_MILDEW,Powdery Mildew,Fungal,Oidium sp.,15.0,22.0,30.0,<70%,50–80%,Not needed,Moderate dry,5.5,7.5,Any,Any,NDVI white powder,NDMI low,NDRE low,Any,,,,,,,,,5.5,7.5,Any,,Medium,,,,"{""logic"": ""AND"", ""conditions"": [{""field"": ""ndvi"", ""op"": ""<"", ""value"": 0.45}]}",Cool dry highlands; white powder on young leaves,Apply registered fungicide for this pathogen; improve canopy airflow; remove and destroy infected tissue,Within 1 week
Khat,KHAT_ROOT_ROT,Root Rot,Fungal/Oomycete,Pythium sp.,15.0,24.0,30.0,90,99,Waterlogging,Wet cool,5.5,7.5,Poor,Any,NDVI wilting,NDMI very high,NDRE very low,Any,,,,,,,,,5.5,7.5,Poor,,High,,,,"{""logic"": ""AND"", ""conditions"": [{""field"": ""ndvi"", ""op"": ""<"", ""value"": 0.45}]}",Poor drainage on slopes; common in high-rainfall seasons,Apply metalaxyl-based or copper fungicide; improve drainage; avoid overhead irrigation,Within 2 days
Saffron,SAFFRON_CORM_ROT,Corm Rot,Fungal,Fusarium oxysporum f.sp. cepae,10.0,18.0,25.0,70,90,Soil moisture,Warm moderate,6.0,8.5,Any,Any,NDVI yellowing,NDMI low,NDRE very low,Corm initiation,,,,,,,,,6.0,8.5,Any,,High,,,,"{""logic"": ""AND"", ""conditions"": [{""field"": ""ndvi"", ""op"": ""<"", ""value"": 0.45}]}",Infected corms; warm soils; vascular browning,Apply registered fungicide for this pathogen; improve canopy airflow; remove and destroy infected tissue,Within 2 days
Saffron,SAFFRON_VIOLET_ROOT_ROT,Violet Root Rot,Fungal,Rhizoctonia crocorum,8.0,16.0,22.0,80,95,Wet soil,Cool wet,6.0,8.5,Poor,Any,NDVI purple crown rot,NDMI high,NDRE very low,Any,,,,,,,,,6.0,8.5,Poor,,High,,,,"{""logic"": ""AND"", ""conditions"": [{""field"": ""ndvi"", ""op"": ""<"", ""value"": 0.45}]}",Violet mycelium on corms; cool wet soils; Iran common,Apply registered fungicide for this pathogen; improve canopy airflow; remove and destroy infected tissue,Within 2 days
Maize,MAIZE_PERFECT,Ideal Growing Conditions,Perfect Conditions,Optimal environment,,,,,,,,,,,,,,,,,,,,18,30,50,80,6.0,6.8,Well,20,,,,,"{""logic"": ""AND"", ""conditions"": []}",Optimal environment,Maintain current management practices,Ongoing
Rice,RICE_PERFECT,Ideal Growing Conditions,Perfect Conditions,Optimal environment,,,,,,,,,,,,,,,,,,,,22,32,70,90,5.5,6.5,Flooded,Flooded,,,,,"{""logic"": ""AND"", ""conditions"": []}",Optimal environment,Maintain current management practices,Ongoing
Wheat,WHEAT_PERFECT,Ideal Growing Conditions,Perfect Conditions,Optimal environment,,,,,,,,,,,,,,,,,,,,10,25,50,75,6.0,7.0,Well,12,,,,,"{""logic"": ""AND"", ""conditions"": []}",Optimal environment,Maintain current management practices,Ongoing
Soybean,SOYBEAN_PERFECT,Ideal Growing Conditions,Perfect Conditions,Optimal environment,,,,,,,,,,,,,,,,,,,,20,35,60,80,6.0,7.0,Well,20,,,,,"{""logic"": ""AND"", ""conditions"": []}",Optimal environment,Maintain current management practices,Ongoing
Potato,POTATO_PERFECT,Ideal Growing Conditions,Perfect Conditions,Optimal environment,,,,,,,,,,,,,,,,,,,,12,22,60,80,5.5,6.5,Well,25,,,,,"{""logic"": ""AND"", ""conditions"": []}",Optimal environment,Maintain current management practices,Ongoing
Cassava,CASSAVA_PERFECT,Ideal Growing Conditions,Perfect Conditions,Optimal environment,,,,,,,,,,,,,,,,,,,,20,35,50,80,5.5,7.0,Well,15,,,,,"{""logic"": ""AND"", ""conditions"": []}",Optimal environment,Maintain current management practices,Ongoing
Sorghum,SORGHUM_PERFECT,Ideal Growing Conditions,Perfect Conditions,Optimal environment,,,,,,,,,,,,,,,,,,,,20,32,50,80,5.5,7.5,Well,20,,,,,"{""logic"": ""AND"", ""conditions"": []}",Optimal environment,Maintain current management practices,Ongoing
Beans,BEANS_PERFECT,Ideal Growing Conditions,Perfect Conditions,Optimal environment,,,,,,,,,,,,,,,,,,,,18,28,50,75,6.0,7.0,Well,15,,,,,"{""logic"": ""AND"", ""conditions"": []}",Optimal environment,Maintain current management practices,Ongoing
Groundnut,GROUNDNUT_PERFECT,Ideal Growing Conditions,Perfect Conditions,Optimal environment,,,,,,,,,,,,,,,,,,,,22,30,50,75,5.5,7.0,Well,15,,,,,"{""logic"": ""AND"", ""conditions"": []}",Optimal environment,Maintain current management practices,Ongoing
Banana,BANANA_PERFECT,Ideal Growing Conditions,Perfect Conditions,Optimal environment,,,,,,,,,,,,,,,,,,,,20,32,60,85,5.5,7.0,Well,30,,,,,"{""logic"": ""AND"", ""conditions"": []}",Optimal environment,Maintain current management practices,Ongoing
Coffee,COFFEE_PERFECT,Ideal Growing Conditions,Perfect Conditions,Optimal environment,,,,,,,,,,,,,,,,,,,,18,26,60,80,5.5,6.5,Well,20,,,,,"{""logic"": ""AND"", ""conditions"": []}",Optimal environment,Maintain current management practices,Ongoing
Tea,TEA_PERFECT,Ideal Growing Conditions,Perfect Conditions,Optimal environment,,,,,,,,,,,,,,,,,,,,15,25,70,90,4.5,6.0,Well,25,,,,,"{""logic"": ""AND"", ""conditions"": []}",Optimal environment,Maintain current management practices,Ongoing
Tomato,TOMATO_PERFECT,Ideal Growing Conditions,Perfect Conditions,Optimal environment,,,,,,,,,,,,,,,,,,,,18,28,50,75,6.0,7.0,Well,20,,,,,"{""logic"": ""AND"", ""conditions"": []}",Optimal environment,Maintain current management practices,Ongoing
Onion,ONION_PERFECT,Ideal Growing Conditions,Perfect Conditions,Optimal environment,,,,,,,,,,,,,,,,,,,,15,25,50,75,6.0,7.0,Well,15,,,,,"{""logic"": ""AND"", ""conditions"": []}",Optimal environment,Maintain current management practices,Ongoing
Cabbage,CABBAGE_PERFECT,Ideal Growing Conditions,Perfect Conditions,Optimal environment,,,,,,,,,,,,,,,,,,,,12,22,50,75,6.0,7.5,Well,15,,,,,"{""logic"": ""AND"", ""conditions"": []}",Optimal environment,Maintain current management practices,Ongoing
Carrot,CARROT_PERFECT,Ideal Growing Conditions,Perfect Conditions,Optimal environment,,,,,,,,,,,,,,,,,,,,15,22,50,75,6.0,7.0,Well,15,,,,,"{""logic"": ""AND"", ""conditions"": []}",Optimal environment,Maintain current management practices,Ongoing
Pepper,PEPPER_PERFECT,Ideal Growing Conditions,Perfect Conditions,Optimal environment,,,,,,,,,,,,,,,,,,,,20,30,50,80,6.0,7.0,Well,20,,,,,"{""logic"": ""AND"", ""conditions"": []}",Optimal environment,Maintain current management practices,Ongoing
Cowpea,COWPEA_PERFECT,Ideal Growing Conditions,Perfect Conditions,Optimal environment,,,,,,,,,,,,,,,,,,,,22,32,50,80,5.5,7.5,Well,15,,,,,"{""logic"": ""AND"", ""conditions"": []}",Optimal environment,Maintain current management practices,Ongoing
Chickpea,CHICKPEA_PERFECT,Ideal Growing Conditions,Perfect Conditions,Optimal environment,,,,,,,,,,,,,,,,,,,,12,24,50,75,6.0,8.0,Well,12,,,,,"{""logic"": ""AND"", ""conditions"": []}",Optimal environment,Maintain current management practices,Ongoing
Lentil,LENTIL_PERFECT,Ideal Growing Conditions,Perfect Conditions,Optimal environment,,,,,,,,,,,,,,,,,,,,10,22,50,75,6.0,8.0,Well,10,,,,,"{""logic"": ""AND"", ""conditions"": []}",Optimal environment,Maintain current management practices,Ongoing
Sweet Potato,SWEET_POTATO_PERFECT,Ideal Growing Conditions,Perfect Conditions,Optimal environment,,,,,,,,,,,,,,,,,,,,20,30,50,80,5.5,7.5,Well,20,,,,,"{""logic"": ""AND"", ""conditions"": []}",Optimal environment,Maintain current management practices,Ongoing
Yam,YAM_PERFECT,Ideal Growing Conditions,Perfect Conditions,Optimal environment,,,,,,,,,,,,,,,,,,,,22,32,60,85,5.5,7.5,Well,20,,,,,"{""logic"": ""AND"", ""conditions"": []}",Optimal environment,Maintain current management practices,Ongoing
Millet,MILLET_PERFECT,Ideal Growing Conditions,Perfect Conditions,Optimal environment,,,,,,,,,,,,,,,,,,,,22,32,50,80,5.5,7.5,Well,15,,,,,"{""logic"": ""AND"", ""conditions"": []}",Optimal environment,Maintain current management practices,Ongoing
Sugarcane,SUGARCANE_PERFECT,Ideal Growing Conditions,Perfect Conditions,Optimal environment,,,,,,,,,,,,,,,,,,,,22,34,60,85,5.5,7.5,Well,25,,,,,"{""logic"": ""AND"", ""conditions"": []}",Optimal environment,Maintain current management practices,Ongoing
Cotton,COTTON_PERFECT,Ideal Growing Conditions,Perfect Conditions,Optimal environment,,,,,,,,,,,,,,,,,,,,22,32,50,80,5.5,7.5,Well,20,,,,,"{""logic"": ""AND"", ""conditions"": []}",Optimal environment,Maintain current management practices,Ongoing
Sunflower,SUNFLOWER_PERFECT,Ideal Growing Conditions,Perfect Conditions,Optimal environment,,,,,,,,,,,,,,,,,,,,18,28,50,75,6.0,7.5,Well,15,,,,,"{""logic"": ""AND"", ""conditions"": []}",Optimal environment,Maintain current management practices,Ongoing
Barley,BARLEY_PERFECT,Ideal Growing Conditions,Perfect Conditions,Optimal environment,,,,,,,,,,,,,,,,,,,,10,22,50,75,6.0,7.5,Well,12,,,,,"{""logic"": ""AND"", ""conditions"": []}",Optimal environment,Maintain current management practices,Ongoing
Rapeseed,RAPESEED_PERFECT,Ideal Growing Conditions,Perfect Conditions,Optimal environment,,,,,,,,,,,,,,,,,,,,12,22,50,75,6.0,7.5,Well,15,,,,,"{""logic"": ""AND"", ""conditions"": []}",Optimal environment,Maintain current management practices,Ongoing
Oats,OATS_PERFECT,Ideal Growing Conditions,Perfect Conditions,Optimal environment,,,,,,,,,,,,,,,,,,,,10,22,50,75,6.0,7.5,Well,12,,,,,"{""logic"": ""AND"", ""conditions"": []}",Optimal environment,Maintain current management practices,Ongoing
Mango,MANGO_PERFECT,Ideal Growing Conditions,Perfect Conditions,Optimal environment,,,,,,,,,,,,,,,,,,,,22,32,60,85,5.5,7.0,Well,20,,,,,"{""logic"": ""AND"", ""conditions"": []}",Optimal environment,Maintain current management practices,Ongoing
Avocado,AVOCADO_PERFECT,Ideal Growing Conditions,Perfect Conditions,Optimal environment,,,,,,,,,,,,,,,,,,,,18,28,50,80,5.5,7.0,Well,20,,,,,"{""logic"": ""AND"", ""conditions"": []}",Optimal environment,Maintain current management practices,Ongoing
Citrus,CITRUS_PERFECT,Ideal Growing Conditions,Perfect Conditions,Optimal environment,,,,,,,,,,,,,,,,,,,,18,32,50,80,5.5,7.0,Well,20,,,,,"{""logic"": ""AND"", ""conditions"": []}",Optimal environment,Maintain current management practices,Ongoing
Grape,GRAPE_PERFECT,Ideal Growing Conditions,Perfect Conditions,Optimal environment,,,,,,,,,,,,,,,,,,,,15,28,40,70,6.0,7.5,Well,15,,,,,"{""logic"": ""AND"", ""conditions"": []}",Optimal environment,Maintain current management practices,Ongoing
Apple,APPLE_PERFECT,Ideal Growing Conditions,Perfect Conditions,Optimal environment,,,,,,,,,,,,,,,,,,,,12,22,50,75,5.5,7.0,Well,20,,,,,"{""logic"": ""AND"", ""conditions"": []}",Optimal environment,Maintain current management practices,Ongoing
Cocoa,COCOA_PERFECT,Ideal Growing Conditions,Perfect Conditions,Optimal environment,,,,,,,,,,,,,,,,,,,,20,30,70,90,5.5,6.5,Well,25,,,,,"{""logic"": ""AND"", ""conditions"": []}",Optimal environment,Maintain current management practices,Ongoing
Oil Palm,OIL_PALM_PERFECT,Ideal Growing Conditions,Perfect Conditions,Optimal environment,,,,,,,,,,,,,,,,,,,,22,32,70,90,4.0,6.5,Well,25,,,,,"{""logic"": ""AND"", ""conditions"": []}",Optimal environment,Maintain current management practices,Ongoing
Coconut,COCONUT_PERFECT,Ideal Growing Conditions,Perfect Conditions,Optimal environment,,,,,,,,,,,,,,,,,,,,22,32,70,90,5.5,7.5,Well,25,,,,,"{""logic"": ""AND"", ""conditions"": []}",Optimal environment,Maintain current management practices,Ongoing
Rubber,RUBBER_PERFECT,Ideal Growing Conditions,Perfect Conditions,Optimal environment,,,,,,,,,,,,,,,,,,,,22,30,70,90,4.5,6.5,Well,20,,,,,"{""logic"": ""AND"", ""conditions"": []}",Optimal environment,Maintain current management practices,Ongoing
Tobacco,TOBACCO_PERFECT,Ideal Growing Conditions,Perfect Conditions,Optimal environment,,,,,,,,,,,,,,,,,,,,18,28,50,80,5.5,7.5,Well,15,,,,,"{""logic"": ""AND"", ""conditions"": []}",Optimal environment,Maintain current management practices,Ongoing
Strawberry,STRAWBERRY_PERFECT,Ideal Growing Conditions,Perfect Conditions,Optimal environment,,,,,,,,,,,,,,,,,,,,15,24,50,75,5.5,7.0,Well,15,,,,,"{""logic"": ""AND"", ""conditions"": []}",Optimal environment,Maintain current management practices,Ongoing
Watermelon,WATERMELON_PERFECT,Ideal Growing Conditions,Perfect Conditions,Optimal environment,,,,,,,,,,,,,,,,,,,,22,32,50,80,6.0,7.0,Well,20,,,,,"{""logic"": ""AND"", ""conditions"": []}",Optimal environment,Maintain current management practices,Ongoing
Papaya,PAPAYA_PERFECT,Ideal Growing Conditions,Perfect Conditions,Optimal environment,,,,,,,,,,,,,,,,,,,,22,32,60,85,5.5,7.5,Well,20,,,,,"{""logic"": ""AND"", ""conditions"": []}",Optimal environment,Maintain current management practices,Ongoing
Pineapple,PINEAPPLE_PERFECT,Ideal Growing Conditions,Perfect Conditions,Optimal environment,,,,,,,,,,,,,,,,,,,,20,30,60,85,4.5,6.5,Well,20,,,,,"{""logic"": ""AND"", ""conditions"": []}",Optimal environment,Maintain current management practices,Ongoing
Ginger,GINGER_PERFECT,Ideal Growing Conditions,Perfect Conditions,Optimal environment,,,,,,,,,,,,,,,,,,,,22,30,70,90,5.5,7.0,Well,20,,,,,"{""logic"": ""AND"", ""conditions"": []}",Optimal environment,Maintain current management practices,Ongoing
Turmeric,TURMERIC_PERFECT,Ideal Growing Conditions,Perfect Conditions,Optimal environment,,,,,,,,,,,,,,,,,,,,22,30,70,90,5.0,7.5,Well,20,,,,,"{""logic"": ""AND"", ""conditions"": []}",Optimal environment,Maintain current management practices,Ongoing
Garlic,GARLIC_PERFECT,Ideal Growing Conditions,Perfect Conditions,Optimal environment,,,,,,,,,,,,,,,,,,,,12,22,50,75,6.0,7.5,Well,12,,,,,"{""logic"": ""AND"", ""conditions"": []}",Optimal environment,Maintain current management practices,Ongoing
Spinach,SPINACH_PERFECT,Ideal Growing Conditions,Perfect Conditions,Optimal environment,,,,,,,,,,,,,,,,,,,,10,20,50,75,6.5,7.5,Well,12,,,,,"{""logic"": ""AND"", ""conditions"": []}",Optimal environment,Maintain current management practices,Ongoing
Lettuce,LETTUCE_PERFECT,Ideal Growing Conditions,Perfect Conditions,Optimal environment,,,,,,,,,,,,,,,,,,,,12,20,50,75,6.0,7.0,Well,12,,,,,"{""logic"": ""AND"", ""conditions"": []}",Optimal environment,Maintain current management practices,Ongoing
Eggplant,EGGPLANT_PERFECT,Ideal Growing Conditions,Perfect Conditions,Optimal environment,,,,,,,,,,,,,,,,,,,,20,30,50,80,5.5,7.0,Well,20,,,,,"{""logic"": ""AND"", ""conditions"": []}",Optimal environment,Maintain current management practices,Ongoing
Cucumber,CUCUMBER_PERFECT,Ideal Growing Conditions,Perfect Conditions,Optimal environment,,,,,,,,,,,,,,,,,,,,20,30,50,80,6.0,7.0,Well,20,,,,,"{""logic"": ""AND"", ""conditions"": []}",Optimal environment,Maintain current management practices,Ongoing
Generic,GEN_CLAY_WATERLOG_RISK,Clay Soil Waterlogging Risk,Waterlogging,High clay content + poor drainage,,,,,,,,,,,,,,,,,,,,,,,,,,,,Medium,,,,"{""logic"": ""AND"", ""conditions"": [{""field"": ""clay_pct"", ""op"": "">"", ""value"": 40}, {""field"": ""soil_drainage"", ""op"": ""=="", ""value"": ""Poor""}]}",Clay >40% with poor drainage creates chronic waterlogging risk even without active flooding. Root aeration permanently limited.,Install subsurface drainage or switch to raised-bed systems; apply gypsum at 1-2 t/ha to improve clay structure,This season
